2025-11-25 10:01:06,720 p=4261 u=root n=ansible | PLAY [NetApp cluster2 System Setup] **********************************************************************************************************
2025-11-25 10:01:11,016 p=4261 u=root n=ansible | TASK [Set NTP] *******************************************************************************************************************************
2025-11-25 10:01:11,016 p=4261 u=root n=ansible | fatal: [localhost]: FAILED! => {"changed": false, "msg": "Error: REST requires ONTAP 9.7 or later for na_ontap_ntp"}
2025-11-25 10:01:11,017 p=4261 u=root n=ansible | PLAY RECAP ***********************************************************************************************************************************
2025-11-25 10:01:11,017 p=4261 u=root n=ansible | localhost                  : ok=0    changed=0    unreachable=0    failed=1    skipped=0    rescued=0    ignored=0   
2025-11-25 10:01:45,191 p=4285 u=root n=ansible | PLAY [NetApp cluster2 System Setup] **********************************************************************************************************
2025-11-25 10:01:49,459 p=4285 u=root n=ansible | TASK [Set Timezone] **************************************************************************************************************************
2025-11-25 10:01:49,459 p=4285 u=root n=ansible | An exception occurred during task execution. To see the full traceback, use -vvv. The error was: netapp_lib.api.zapi.zapi.NaApiError: NetApp API failed. Reason - 401:Unauthorized
2025-11-25 10:01:49,459 p=4285 u=root n=ansible | [WARNING]: The module only supports ZAPI and is deprecated, and will no longer work with newer versions of ONTAP when ONTAPI is deprecated in
CY22-Q4

2025-11-25 10:01:49,459 p=4285 u=root n=ansible | [WARNING]: netapp.ontap.na_ontap_rest_cli should be used instead.

2025-11-25 10:01:49,459 p=4285 u=root n=ansible | [WARNING]: With version 22.0.0 ONTAPI (ZAPI) has been deprecated. The final ONTAP version to support ZAPI is ONTAP 9.13.1.  ZAPI calls in
these modules will continue to work for ONTAP versions that supports ZAPI.  You can update your playbook to use REST by adding use_rest:
always to your playbook.  More information can be found at: https://github.com/ansible-collections/netapp.ontap

2025-11-25 10:01:49,460 p=4285 u=root n=ansible | fatal: [localhost]: FAILED! => {"changed": false, "msg": "Error running command ['time', '-timezone', 'Europe/Brussels']: NetApp API failed. Reason - 401:Unauthorized"}
2025-11-25 10:01:49,460 p=4285 u=root n=ansible | PLAY RECAP ***********************************************************************************************************************************
2025-11-25 10:01:49,460 p=4285 u=root n=ansible | localhost                  : ok=0    changed=0    unreachable=0    failed=1    skipped=0    rescued=0    ignored=0   
2025-11-25 10:03:35,165 p=4309 u=root n=ansible | PLAY [NetApp cluster2 System Setup] **********************************************************************************************************
2025-11-25 10:03:39,488 p=4309 u=root n=ansible | TASK [Set Timezone] **************************************************************************************************************************
2025-11-25 10:03:39,488 p=4309 u=root n=ansible | An exception occurred during task execution. To see the full traceback, use -vvv. The error was: netapp_lib.api.zapi.zapi.NaApiError: NetApp API failed. Reason - 401:Unauthorized
2025-11-25 10:03:39,488 p=4309 u=root n=ansible | [WARNING]: The module only supports ZAPI and is deprecated, and will no longer work with newer versions of ONTAP when ONTAPI is deprecated in
CY22-Q4

2025-11-25 10:03:39,488 p=4309 u=root n=ansible | [WARNING]: netapp.ontap.na_ontap_rest_cli should be used instead.

2025-11-25 10:03:39,489 p=4309 u=root n=ansible | [WARNING]: With version 22.0.0 ONTAPI (ZAPI) has been deprecated. The final ONTAP version to support ZAPI is ONTAP 9.13.1.  ZAPI calls in
these modules will continue to work for ONTAP versions that supports ZAPI.  You can update your playbook to use REST by adding use_rest:
always to your playbook.  More information can be found at: https://github.com/ansible-collections/netapp.ontap

2025-11-25 10:03:39,489 p=4309 u=root n=ansible | fatal: [localhost]: FAILED! => {"changed": false, "msg": "Error running command ['time', '-timezone', 'Europe/Brussels']: NetApp API failed. Reason - 401:Unauthorized"}
2025-11-25 10:03:39,490 p=4309 u=root n=ansible | PLAY RECAP ***********************************************************************************************************************************
2025-11-25 10:03:39,490 p=4309 u=root n=ansible | localhost                  : ok=0    changed=0    unreachable=0    failed=1    skipped=0    rescued=0    ignored=0   
2025-11-25 10:04:42,263 p=4332 u=root n=ansible | PLAY [NetApp cluster2 System Setup] **********************************************************************************************************
2025-11-25 10:04:46,581 p=4332 u=root n=ansible | TASK [Create and Online New Data Aggregate's] ************************************************************************************************
2025-11-25 10:04:46,581 p=4332 u=root n=ansible | failed: [localhost] (item={'name': 'aggr1_cluster2_01_data', 'node': 'cluster2-01', 'diskcount': 13}) => {"ansible_loop_var": "item", "changed": false, "item": {"diskcount": 13, "name": "aggr1_cluster2_01_data", "node": "cluster2-01"}, "msg": "Error: Minimum version of ONTAP for service_state is (9, 11, 1).  Current version: (-1, -1, -1)."}
2025-11-25 10:04:46,582 p=4332 u=root n=ansible | PLAY RECAP ***********************************************************************************************************************************
2025-11-25 10:04:46,582 p=4332 u=root n=ansible | localhost                  : ok=0    changed=0    unreachable=0    failed=1    skipped=0    rescued=0    ignored=0   
2025-11-25 10:06:18,575 p=4355 u=root n=ansible | PLAY [NetApp Cluster1 System Setup] **********************************************************************************************************
2025-11-25 10:06:18,983 p=4355 u=root n=ansible | TASK [Create and Online New Data Aggregate Node1] ********************************************************************************************
2025-11-25 10:06:18,984 p=4355 u=root n=ansible | ok: [localhost] => (item={'name': 'aggr1_cluster3_01_data', 'node': 'cluster3-01', 'diskcount': 13})
2025-11-25 10:06:19,412 p=4355 u=root n=ansible | TASK [Create Vserver] ************************************************************************************************************************
2025-11-25 10:06:19,412 p=4355 u=root n=ansible | ok: [localhost] => (item={'name': 'svm1', 'rootvol': 'svm1_root', 'rootaggr': 'aggr1_cluster3_01_data', 'aggr_list': 'aggr1_cluster3_01_data', 'allowed_protocols': 'nfs', 'dns_servers': '192.168.4.169', 'domain': 'demo.netapp.com'})
2025-11-25 10:06:19,739 p=4355 u=root n=ansible | TASK [Create NFS LIF Node1] ******************************************************************************************************************
2025-11-25 10:06:19,740 p=4355 u=root n=ansible | ok: [localhost] => (item={'name': 'nfs_lif01', 'ip_addr': '192.168.4.133', 'netmask': '255.255.255.0', 'node': 'cluster3-01', 'vserver': 'svm1', 'home': 'e0c'})
2025-11-25 10:06:20,052 p=4355 u=root n=ansible | TASK [Start NFS] *****************************************************************************************************************************
2025-11-25 10:06:20,053 p=4355 u=root n=ansible | ok: [localhost] => (item={'name': 'svm1', 'rootvol': 'svm1_root', 'rootaggr': 'aggr1_cluster3_01_data', 'aggr_list': 'aggr1_cluster3_01_data', 'allowed_protocols': 'nfs', 'dns_servers': '192.168.4.169', 'domain': 'demo.netapp.com'})
2025-11-25 10:06:20,385 p=4355 u=root n=ansible | TASK [Add NFS Export Rule Under Default Policy] **********************************************************************************************
2025-11-25 10:06:20,385 p=4355 u=root n=ansible | ok: [localhost] => (item={'name': 'svm1', 'rootvol': 'svm1_root', 'rootaggr': 'aggr1_cluster3_01_data', 'aggr_list': 'aggr1_cluster3_01_data', 'allowed_protocols': 'nfs', 'dns_servers': '192.168.4.169', 'domain': 'demo.netapp.com'})
2025-11-25 10:06:20,691 p=4355 u=root n=ansible | TASK [Add DNS Settings to svm] ***************************************************************************************************************
2025-11-25 10:06:20,691 p=4355 u=root n=ansible | ok: [localhost] => (item={'name': 'svm1', 'rootvol': 'svm1_root', 'rootaggr': 'aggr1_cluster3_01_data', 'aggr_list': 'aggr1_cluster3_01_data', 'allowed_protocols': 'nfs', 'dns_servers': '192.168.4.169', 'domain': 'demo.netapp.com'})
2025-11-25 10:06:21,155 p=4355 u=root n=ansible | TASK [Create Volumes] ************************************************************************************************************************
2025-11-25 10:06:21,155 p=4355 u=root n=ansible | ok: [localhost] => (item={'name': 'vol1', 'size': 1, 'aggr': 'aggr1_cluster3_01_data', 'vserver': 'svm1', 'security_style': 'unix'})
2025-11-25 10:06:21,416 p=4355 u=root n=ansible | ok: [localhost] => (item={'name': 'vol2', 'size': 2, 'aggr': 'aggr1_cluster3_01_data', 'vserver': 'svm1', 'security_style': 'unix'})
2025-11-25 10:06:21,673 p=4355 u=root n=ansible | ok: [localhost] => (item={'name': 'vol3', 'size': 3, 'aggr': 'aggr1_cluster3_01_data', 'vserver': 'svm1', 'security_style': 'unix'})
2025-11-25 10:06:21,681 p=4355 u=root n=ansible | PLAY RECAP ***********************************************************************************************************************************
2025-11-25 10:06:21,681 p=4355 u=root n=ansible | localhost                  : ok=7    changed=0    unreachable=0    failed=0    skipped=0    rescued=0    ignored=0   
2025-11-25 10:08:20,584 p=4535 u=root n=ansible | PLAY [NetApp Cluster1 System Setup] ********************************************
2025-11-25 10:08:20,915 p=4535 u=root n=ansible | TASK [Create and Online New Data Aggregate Node1] ******************************
2025-11-25 10:08:20,915 p=4535 u=root n=ansible | ok: [localhost] => (item={'name': 'aggr1_cluster3_01_data', 'node': 'cluster3-01', 'diskcount': 13})
2025-11-25 10:08:21,248 p=4535 u=root n=ansible | TASK [Create Vserver] **********************************************************
2025-11-25 10:08:21,248 p=4535 u=root n=ansible | ok: [localhost] => (item={'name': 'svm1', 'rootvol': 'svm1_root', 'rootaggr': 'aggr1_cluster3_01_data', 'aggr_list': 'aggr1_cluster3_01_data', 'allowed_protocols': 'nfs', 'dns_servers': '192.168.4.169', 'domain': 'demo.netapp.com'})
2025-11-25 10:08:21,577 p=4535 u=root n=ansible | TASK [Create NFS LIF Node1] ****************************************************
2025-11-25 10:08:21,577 p=4535 u=root n=ansible | ok: [localhost] => (item={'name': 'nfs_lif01', 'ip_addr': '192.168.4.133', 'netmask': '255.255.255.0', 'node': 'cluster3-01', 'vserver': 'svm1', 'home': 'e0c'})
2025-11-25 10:08:21,897 p=4535 u=root n=ansible | TASK [Start NFS] ***************************************************************
2025-11-25 10:08:21,897 p=4535 u=root n=ansible | ok: [localhost] => (item={'name': 'svm1', 'rootvol': 'svm1_root', 'rootaggr': 'aggr1_cluster3_01_data', 'aggr_list': 'aggr1_cluster3_01_data', 'allowed_protocols': 'nfs', 'dns_servers': '192.168.4.169', 'domain': 'demo.netapp.com'})
2025-11-25 10:08:22,238 p=4535 u=root n=ansible | TASK [Add NFS Export Rule Under Default Policy] ********************************
2025-11-25 10:08:22,239 p=4535 u=root n=ansible | ok: [localhost] => (item={'name': 'svm1', 'rootvol': 'svm1_root', 'rootaggr': 'aggr1_cluster3_01_data', 'aggr_list': 'aggr1_cluster3_01_data', 'allowed_protocols': 'nfs', 'dns_servers': '192.168.4.169', 'domain': 'demo.netapp.com'})
2025-11-25 10:08:22,550 p=4535 u=root n=ansible | TASK [Add DNS Settings to svm] *************************************************
2025-11-25 10:08:22,550 p=4535 u=root n=ansible | ok: [localhost] => (item={'name': 'svm1', 'rootvol': 'svm1_root', 'rootaggr': 'aggr1_cluster3_01_data', 'aggr_list': 'aggr1_cluster3_01_data', 'allowed_protocols': 'nfs', 'dns_servers': '192.168.4.169', 'domain': 'demo.netapp.com'})
2025-11-25 10:08:22,907 p=4535 u=root n=ansible | TASK [Create Volumes] **********************************************************
2025-11-25 10:08:22,907 p=4535 u=root n=ansible | ok: [localhost] => (item={'name': 'vol1', 'size': 1, 'aggr': 'aggr1_cluster3_01_data', 'vserver': 'svm1', 'security_style': 'unix'})
2025-11-25 10:08:23,164 p=4535 u=root n=ansible | ok: [localhost] => (item={'name': 'vol2', 'size': 2, 'aggr': 'aggr1_cluster3_01_data', 'vserver': 'svm1', 'security_style': 'unix'})
2025-11-25 10:08:23,415 p=4535 u=root n=ansible | ok: [localhost] => (item={'name': 'vol3', 'size': 3, 'aggr': 'aggr1_cluster3_01_data', 'vserver': 'svm1', 'security_style': 'unix'})
2025-11-25 10:08:23,424 p=4535 u=root n=ansible | PLAY RECAP *********************************************************************
2025-11-25 10:08:23,424 p=4535 u=root n=ansible | localhost                  : ok=7    changed=0    unreachable=0    failed=0    skipped=0    rescued=0    ignored=0   
2025-11-25 10:08:32,197 p=4680 u=root n=ansible | PLAY [NetApp cluster2 System Setup] ********************************************
2025-11-25 10:08:36,503 p=4680 u=root n=ansible | TASK [Create and Online New Data Aggregate's] **********************************
2025-11-25 10:08:36,504 p=4680 u=root n=ansible | failed: [localhost] (item={'name': 'aggr1_cluster2_01_data', 'node': 'cluster2-01', 'diskcount': 13}) => {"ansible_loop_var": "item", "changed": false, "item": {"diskcount": 13, "name": "aggr1_cluster2_01_data", "node": "cluster2-01"}, "msg": "Error: Minimum version of ONTAP for service_state is (9, 11, 1).  Current version: (-1, -1, -1)."}
2025-11-25 10:08:36,505 p=4680 u=root n=ansible | PLAY RECAP *********************************************************************
2025-11-25 10:08:36,505 p=4680 u=root n=ansible | localhost                  : ok=0    changed=0    unreachable=0    failed=1    skipped=0    rescued=0    ignored=0   
2025-11-25 10:09:08,623 p=4702 u=root n=ansible | PLAY [NetApp cluster2 System Setup] ********************************************
2025-11-25 10:09:22,705 p=4702 u=root n=ansible | TASK [Create and Online New Data Aggregate's] **********************************
2025-11-25 10:09:22,705 p=4702 u=root n=ansible | changed: [localhost] => (item={'name': 'aggr1_cluster2_01_data', 'node': 'cluster2-01', 'diskcount': 13})
2025-11-25 10:09:24,599 p=4702 u=root n=ansible | TASK [Create Vserver] **********************************************************
2025-11-25 10:09:24,599 p=4702 u=root n=ansible | failed: [localhost] (item={'name': 'svm2', 'rootvol': 'svm2_root', 'rootaggr': 'aggr1_cluster2_01_data', 'aggr_list': 'aggr1_cluster2_01_data', 'allowed_protocols': 'nfs', 'dns_servers': '192.168.4.169', 'domain': 'demo.netapp.com'}) => {"ansible_loop_var": "item", "changed": false, "item": {"aggr_list": "aggr1_cluster2_01_data", "allowed_protocols": "nfs", "dns_servers": "192.168.4.169", "domain": "demo.netapp.com", "name": "svm2", "rootaggr": "aggr1_cluster2_01_data", "rootvol": "svm2_root"}, "msg": "Error in create: calling: svm/svms: got {'message': '[Job 39] Job failed: No eligible aggregate to place the volume. Make sure that a non-root, non-taken-over aggregate with enough free space exists at the destination cluster. If aggr-list is configured for the SVM make sure that an eligible aggregate is present in that list. Verify that the number of volumes is less than the supported maximum on the nodes in the destination cluster.', 'code': '458753'}."}
2025-11-25 10:09:24,601 p=4702 u=root n=ansible | PLAY RECAP *********************************************************************
2025-11-25 10:09:24,601 p=4702 u=root n=ansible | localhost                  : ok=1    changed=1    unreachable=0    failed=1    skipped=0    rescued=0    ignored=0   
2025-11-25 10:17:37,596 p=4742 u=root n=ansible | PLAY [NetApp cluster2 System Setup] ********************************************
2025-11-25 10:17:37,953 p=4742 u=root n=ansible | TASK [Create and Online New Data Aggregate's] **********************************
2025-11-25 10:17:37,954 p=4742 u=root n=ansible | ok: [localhost] => (item={'name': 'aggr1_cluster2_01_data', 'node': 'cluster2-01', 'diskcount': 13})
2025-11-25 10:17:53,416 p=4742 u=root n=ansible | TASK [Create Vserver] **********************************************************
2025-11-25 10:17:53,416 p=4742 u=root n=ansible | changed: [localhost] => (item={'name': 'svm2', 'rootvol': 'svm2_root', 'rootaggr': 'aggr1_cluster2_01_data', 'aggr_list': 'aggr1_cluster2_01_data', 'allowed_protocols': 'nfs', 'dns_servers': '192.168.4.169', 'domain': 'demo.netapp.com'})
2025-11-25 10:17:53,801 p=4742 u=root n=ansible | TASK [Create Subnet] ***********************************************************
2025-11-25 10:17:53,801 p=4742 u=root n=ansible | changed: [localhost]
2025-11-25 10:17:54,390 p=4742 u=root n=ansible | TASK [Create NFS LIF Node1] ****************************************************
2025-11-25 10:17:54,390 p=4742 u=root n=ansible | changed: [localhost] => (item={'name': 'nfs_lif01', 'node': 'cluster2-01', 'vserver': 'svm2', 'ip_addr': '192.168.4.135', 'netmask': '255.255.255.0', 'home': 'e0c'})
2025-11-25 10:17:54,831 p=4742 u=root n=ansible | TASK [Start NFS] ***************************************************************
2025-11-25 10:17:54,831 p=4742 u=root n=ansible | changed: [localhost] => (item={'name': 'svm2', 'rootvol': 'svm2_root', 'rootaggr': 'aggr1_cluster2_01_data', 'aggr_list': 'aggr1_cluster2_01_data', 'allowed_protocols': 'nfs', 'dns_servers': '192.168.4.169', 'domain': 'demo.netapp.com'})
2025-11-25 10:17:55,242 p=4742 u=root n=ansible | TASK [Create NFS Export Rule Under Default Policy] *****************************
2025-11-25 10:17:55,242 p=4742 u=root n=ansible | changed: [localhost] => (item={'name': 'svm2', 'rootvol': 'svm2_root', 'rootaggr': 'aggr1_cluster2_01_data', 'aggr_list': 'aggr1_cluster2_01_data', 'allowed_protocols': 'nfs', 'dns_servers': '192.168.4.169', 'domain': 'demo.netapp.com'})
2025-11-25 10:17:55,691 p=4742 u=root n=ansible | TASK [Add DNS Settings to SVM] *************************************************
2025-11-25 10:17:55,692 p=4742 u=root n=ansible | changed: [localhost] => (item={'name': 'svm2', 'rootvol': 'svm2_root', 'rootaggr': 'aggr1_cluster2_01_data', 'aggr_list': 'aggr1_cluster2_01_data', 'allowed_protocols': 'nfs', 'dns_servers': '192.168.4.169', 'domain': 'demo.netapp.com'})
2025-11-25 10:17:57,748 p=4742 u=root n=ansible | TASK [Create Volumes] **********************************************************
2025-11-25 10:17:57,748 p=4742 u=root n=ansible | changed: [localhost] => (item={'name': 'vol1_svm2', 'size': 1, 'aggr': 'aggr1_cluster2_01_data', 'vserver': 'svm2', 'security_style': 'unix'})
2025-11-25 10:17:57,756 p=4742 u=root n=ansible | PLAY RECAP *********************************************************************
2025-11-25 10:17:57,756 p=4742 u=root n=ansible | localhost                  : ok=8    changed=7    unreachable=0    failed=0    skipped=0    rescued=0    ignored=0   
2025-11-25 10:24:48,137 p=4888 u=root n=ansible | PLAY [NetApp Cluster1 System Setup] **********************************************
2025-11-25 10:24:48,780 p=4888 u=root n=ansible | TASK [Create and Online New Data Aggregate Node1] ********************************
2025-11-25 10:24:48,781 p=4888 u=root n=ansible | failed: [localhost] (item={'name': 'aggr1_cluster3_01_data', 'node': 'cluster3-01', 'diskcount': 13}) => {"ansible_loop_var": "item", "changed": false, "item": {"diskcount": 13, "name": "aggr1_cluster3_01_data", "node": "cluster3-01"}, "msg": "Error: failed to create aggregate: calling: storage/aggregates: got {'message': '\"cluster3-01\" is an invalid value for field \"node.name\" (<nodename>)', 'code': '2', 'target': 'node.name'}."}
2025-11-25 10:24:48,782 p=4888 u=root n=ansible | PLAY RECAP ***********************************************************************
2025-11-25 10:24:48,782 p=4888 u=root n=ansible | localhost                  : ok=0    changed=0    unreachable=0    failed=1    skipped=0    rescued=0    ignored=0   
2025-11-25 10:25:15,535 p=4910 u=root n=ansible | ERROR! We were unable to read either as JSON nor YAML, these are the errors we got from each:
JSON: Expecting value: line 1 column 1 (char 0)

Syntax Error while loading YAML.
  did not find expected key

The error appears to be in '/root/ansible-workshop/4-full-playbook-cluster3.yml': line 101, column 4, but may
be elsewhere in the file depending on the exact syntax problem.

The offending line appears to be:

      <<: *login
   with_items: "{{ vols }}"
   ^ here
We could be wrong, but this one looks like it might be an issue with
missing quotes. Always quote template expression brackets when they
start a value. For instance:

    with_items:
      - {{ foo }}

Should be written as:

    with_items:
      - "{{ foo }}"

2025-11-25 10:26:21,579 p=4916 u=root n=ansible | PLAY [NetApp cluster2 System Setup] **********************************************
2025-11-25 10:26:21,930 p=4916 u=root n=ansible | TASK [Create and Online New Data Aggregate's] ************************************
2025-11-25 10:26:21,930 p=4916 u=root n=ansible | ok: [localhost] => (item={'name': 'aggr1_cluster2_01_data', 'node': 'cluster2-01', 'diskcount': 13})
2025-11-25 10:26:22,296 p=4916 u=root n=ansible | TASK [Create Vserver] ************************************************************
2025-11-25 10:26:22,296 p=4916 u=root n=ansible | ok: [localhost] => (item={'name': 'svm2', 'rootvol': 'svm2_root', 'rootaggr': 'aggr1_cluster2_01_data', 'aggr_list': 'aggr1_cluster2_01_data', 'allowed_protocols': 'nfs', 'dns_servers': '192.168.4.169', 'domain': 'demo.netapp.com'})
2025-11-25 10:26:22,613 p=4916 u=root n=ansible | TASK [Create Subnet] *************************************************************
2025-11-25 10:26:22,613 p=4916 u=root n=ansible | ok: [localhost]
2025-11-25 10:26:22,953 p=4916 u=root n=ansible | TASK [Create NFS LIF Node1] ******************************************************
2025-11-25 10:26:22,953 p=4916 u=root n=ansible | ok: [localhost] => (item={'name': 'nfs_lif01', 'node': 'cluster2-01', 'vserver': 'svm2', 'ip_addr': '192.168.4.135', 'netmask': '255.255.255.0', 'home': 'e0c'})
2025-11-25 10:26:23,273 p=4916 u=root n=ansible | TASK [Start NFS] *****************************************************************
2025-11-25 10:26:23,274 p=4916 u=root n=ansible | ok: [localhost] => (item={'name': 'svm2', 'rootvol': 'svm2_root', 'rootaggr': 'aggr1_cluster2_01_data', 'aggr_list': 'aggr1_cluster2_01_data', 'allowed_protocols': 'nfs', 'dns_servers': '192.168.4.169', 'domain': 'demo.netapp.com'})
2025-11-25 10:26:23,644 p=4916 u=root n=ansible | TASK [Create NFS Export Rule Under Default Policy] *******************************
2025-11-25 10:26:23,644 p=4916 u=root n=ansible | ok: [localhost] => (item={'name': 'svm2', 'rootvol': 'svm2_root', 'rootaggr': 'aggr1_cluster2_01_data', 'aggr_list': 'aggr1_cluster2_01_data', 'allowed_protocols': 'nfs', 'dns_servers': '192.168.4.169', 'domain': 'demo.netapp.com'})
2025-11-25 10:26:23,985 p=4916 u=root n=ansible | TASK [Add DNS Settings to SVM] ***************************************************
2025-11-25 10:26:23,985 p=4916 u=root n=ansible | ok: [localhost] => (item={'name': 'svm2', 'rootvol': 'svm2_root', 'rootaggr': 'aggr1_cluster2_01_data', 'aggr_list': 'aggr1_cluster2_01_data', 'allowed_protocols': 'nfs', 'dns_servers': '192.168.4.169', 'domain': 'demo.netapp.com'})
2025-11-25 10:26:24,354 p=4916 u=root n=ansible | TASK [Create Volumes] ************************************************************
2025-11-25 10:26:24,354 p=4916 u=root n=ansible | ok: [localhost] => (item={'name': 'vol1_svm2', 'size': 1, 'aggr': 'aggr1_cluster2_01_data', 'vserver': 'svm2', 'security_style': 'unix'})
2025-11-25 10:26:24,363 p=4916 u=root n=ansible | PLAY RECAP ***********************************************************************
2025-11-25 10:26:24,363 p=4916 u=root n=ansible | localhost                  : ok=8    changed=0    unreachable=0    failed=0    skipped=0    rescued=0    ignored=0   
2025-11-25 10:29:53,795 p=5053 u=root n=ansible | PLAY [NetApp cluster2 System Setup] **********************************************
2025-11-25 10:29:54,144 p=5053 u=root n=ansible | TASK [Create and Online New Data Aggregate's] ************************************
2025-11-25 10:29:54,144 p=5053 u=root n=ansible | ok: [localhost] => (item={'name': 'aggr1_cluster2_01_data', 'node': 'cluster2-01', 'diskcount': 13})
2025-11-25 10:29:54,475 p=5053 u=root n=ansible | TASK [Create Vserver] ************************************************************
2025-11-25 10:29:54,475 p=5053 u=root n=ansible | ok: [localhost] => (item={'name': 'svm2', 'rootvol': 'svm2_root', 'rootaggr': 'aggr1_cluster2_01_data', 'aggr_list': 'aggr1_cluster2_01_data', 'allowed_protocols': 'nfs', 'dns_servers': '192.168.4.169', 'domain': 'demo.netapp.com'})
2025-11-25 10:29:54,789 p=5053 u=root n=ansible | TASK [Create Subnet] *************************************************************
2025-11-25 10:29:54,790 p=5053 u=root n=ansible | ok: [localhost]
2025-11-25 10:29:55,118 p=5053 u=root n=ansible | TASK [Create NFS LIF Node1] ******************************************************
2025-11-25 10:29:55,118 p=5053 u=root n=ansible | ok: [localhost] => (item={'name': 'nfs_lif01', 'node': 'cluster2-01', 'vserver': 'svm2', 'ip_addr': '192.168.4.135', 'netmask': '255.255.255.0', 'home': 'e0c'})
2025-11-25 10:29:55,424 p=5053 u=root n=ansible | TASK [Start NFS] *****************************************************************
2025-11-25 10:29:55,424 p=5053 u=root n=ansible | ok: [localhost] => (item={'name': 'svm2', 'rootvol': 'svm2_root', 'rootaggr': 'aggr1_cluster2_01_data', 'aggr_list': 'aggr1_cluster2_01_data', 'allowed_protocols': 'nfs', 'dns_servers': '192.168.4.169', 'domain': 'demo.netapp.com'})
2025-11-25 10:29:55,778 p=5053 u=root n=ansible | TASK [Create NFS Export Rule Under Default Policy] *******************************
2025-11-25 10:29:55,778 p=5053 u=root n=ansible | ok: [localhost] => (item={'name': 'svm2', 'rootvol': 'svm2_root', 'rootaggr': 'aggr1_cluster2_01_data', 'aggr_list': 'aggr1_cluster2_01_data', 'allowed_protocols': 'nfs', 'dns_servers': '192.168.4.169', 'domain': 'demo.netapp.com'})
2025-11-25 10:29:56,097 p=5053 u=root n=ansible | TASK [Add DNS Settings to SVM] ***************************************************
2025-11-25 10:29:56,097 p=5053 u=root n=ansible | ok: [localhost] => (item={'name': 'svm2', 'rootvol': 'svm2_root', 'rootaggr': 'aggr1_cluster2_01_data', 'aggr_list': 'aggr1_cluster2_01_data', 'allowed_protocols': 'nfs', 'dns_servers': '192.168.4.169', 'domain': 'demo.netapp.com'})
2025-11-25 10:29:56,474 p=5053 u=root n=ansible | TASK [Create Volumes] ************************************************************
2025-11-25 10:29:56,475 p=5053 u=root n=ansible | ok: [localhost] => (item={'name': 'vol1_svm2', 'size': 1, 'aggr': 'aggr1_cluster2_01_data', 'vserver': 'svm2', 'security_style': 'unix'})
2025-11-25 10:29:56,483 p=5053 u=root n=ansible | PLAY RECAP ***********************************************************************
2025-11-25 10:29:56,483 p=5053 u=root n=ansible | localhost                  : ok=8    changed=0    unreachable=0    failed=0    skipped=0    rescued=0    ignored=0   
2025-11-25 10:44:21,261 p=5531 u=root n=ansible | ERROR! We were unable to read either as JSON nor YAML, these are the errors we got from each:
JSON: Expecting value: line 1 column 1 (char 0)

Syntax Error while loading YAML.
  found undefined alias

The error appears to be in '/root/ansible-workshop/4-create-peer-lifs.yml': line 34, column 10, but may
be elsewhere in the file depending on the exact syntax problem.

The offending line appears to be:

     vserver: cluster2
     <<: *login2
         ^ here

2025-11-25 10:47:56,053 p=5553 u=root n=ansible | ERROR! We were unable to read either as JSON nor YAML, these are the errors we got from each:
JSON: Expecting value: line 1 column 1 (char 0)

Syntax Error while loading YAML.
  second occurrence

The error appears to be in '/root/ansible-workshop/4-create-peer-lifs.yml': line 12, column 13, but may
be elsewhere in the file depending on the exact syntax problem.

The offending line appears to be:

     validate_certs: false
    login1: &login1
            ^ here

2025-11-25 10:49:16,461 p=5557 u=root n=ansible | PLAY [Create Cluster Peer Lifs] ***********************************************************************
2025-11-25 10:49:16,827 p=5557 u=root n=ansible | TASK [Create interface n1 cluster3] *******************************************************************
2025-11-25 10:49:16,828 p=5557 u=root n=ansible | [WARNING]: Ignoring vserver with REST for non data SVM.

2025-11-25 10:49:16,828 p=5557 u=root n=ansible | fatal: [localhost]: FAILED! => {"changed": false, "msg": "Error: ipspace name must be provided if scope is cluster, or vserver for svm scope."}
2025-11-25 10:49:16,829 p=5557 u=root n=ansible | PLAY RECAP ********************************************************************************************
2025-11-25 10:49:16,829 p=5557 u=root n=ansible | localhost                  : ok=0    changed=0    unreachable=0    failed=1    skipped=0    rescued=0    ignored=0   
2025-11-25 10:50:19,006 p=5579 u=root n=ansible | PLAY [Create Cluster Peer Lifs] ***********************************************************************
2025-11-25 10:50:19,337 p=5579 u=root n=ansible | TASK [Create interface n1 cluster3] *******************************************************************
2025-11-25 10:50:19,338 p=5579 u=root n=ansible | [WARNING]: Ignoring vserver with REST for non data SVM.

2025-11-25 10:50:19,338 p=5579 u=root n=ansible | fatal: [localhost]: FAILED! => {"changed": false, "msg": "Error: ipspace name must be provided if scope is cluster, or vserver for svm scope."}
2025-11-25 10:50:19,339 p=5579 u=root n=ansible | PLAY RECAP ********************************************************************************************
2025-11-25 10:50:19,339 p=5579 u=root n=ansible | localhost                  : ok=0    changed=0    unreachable=0    failed=1    skipped=0    rescued=0    ignored=0   
2025-11-25 10:52:18,313 p=5602 u=root n=ansible | PLAY [Create Cluster Peer Lifs] ***********************************************************************
2025-11-25 10:52:18,639 p=5602 u=root n=ansible | TASK [Create interface n1 cluster3] *******************************************************************
2025-11-25 10:52:18,639 p=5602 u=root n=ansible | [WARNING]: Ignoring vserver with REST for non data SVM.

2025-11-25 10:52:18,640 p=5602 u=root n=ansible | fatal: [localhost]: FAILED! => {"changed": false, "msg": "Error: ipspace name must be provided if scope is cluster, or vserver for svm scope."}
2025-11-25 10:52:18,640 p=5602 u=root n=ansible | PLAY RECAP ********************************************************************************************
2025-11-25 10:52:18,640 p=5602 u=root n=ansible | localhost                  : ok=0    changed=0    unreachable=0    failed=1    skipped=0    rescued=0    ignored=0   
2025-11-25 10:53:45,765 p=5623 u=root n=ansible | PLAY [Create Cluster Peer Lifs] ***********************************************************************
2025-11-25 10:53:46,087 p=5623 u=root n=ansible | TASK [Create interface n1 cluster3] *******************************************************************
2025-11-25 10:53:46,088 p=5623 u=root n=ansible | [WARNING]: Ignoring vserver with REST for non data SVM.

2025-11-25 10:53:46,088 p=5623 u=root n=ansible | fatal: [localhost]: FAILED! => {"changed": false, "msg": "Error: ipspace name must be provided if scope is cluster, or vserver for svm scope."}
2025-11-25 10:53:46,089 p=5623 u=root n=ansible | PLAY RECAP ********************************************************************************************
2025-11-25 10:53:46,089 p=5623 u=root n=ansible | localhost                  : ok=0    changed=0    unreachable=0    failed=1    skipped=0    rescued=0    ignored=0   
2025-11-25 11:00:58,631 p=5646 u=root n=ansible | PLAY [Create Cluster Peer Lifs] ***********************************************************************
2025-11-25 11:00:58,951 p=5646 u=root n=ansible | TASK [Create interface n1 cluster3] *******************************************************************
2025-11-25 11:00:58,952 p=5646 u=root n=ansible | [WARNING]: Ignoring vserver with REST for non data SVM.

2025-11-25 11:00:58,952 p=5646 u=root n=ansible | fatal: [localhost]: FAILED! => {"changed": false, "msg": "Error: ipspace name must be provided if scope is cluster, or vserver for svm scope."}
2025-11-25 11:00:58,953 p=5646 u=root n=ansible | PLAY RECAP ********************************************************************************************
2025-11-25 11:00:58,953 p=5646 u=root n=ansible | localhost                  : ok=0    changed=0    unreachable=0    failed=1    skipped=0    rescued=0    ignored=0   
2025-11-25 11:01:46,139 p=5679 u=root n=ansible | ERROR! We were unable to read either as JSON nor YAML, these are the errors we got from each:
JSON: Expecting value: line 1 column 1 (char 0)

Syntax Error while loading YAML.
  did not find expected key

The error appears to be in '/root/ansible-workshop/4-create-peer-lifs.yml': line 15, column 6, but may
be elsewhere in the file depending on the exact syntax problem.

The offending line appears to be:

      username: admin # Cluster User
     password: apix1234 # Cluster Password
     ^ here

2025-11-25 11:02:28,976 p=5684 u=root n=ansible | PLAY [Create Cluster Peer Lifs] ***********************************************************************
2025-11-25 11:02:29,303 p=5684 u=root n=ansible | TASK [Create interface n1 cluster3] *******************************************************************
2025-11-25 11:02:29,303 p=5684 u=root n=ansible | [WARNING]: Ignoring vserver with REST for non data SVM.

2025-11-25 11:02:29,303 p=5684 u=root n=ansible | fatal: [localhost]: FAILED! => {"changed": false, "msg": "Error: ipspace name must be provided if scope is cluster, or vserver for svm scope."}
2025-11-25 11:02:29,304 p=5684 u=root n=ansible | PLAY RECAP ********************************************************************************************
2025-11-25 11:02:29,304 p=5684 u=root n=ansible | localhost                  : ok=0    changed=0    unreachable=0    failed=1    skipped=0    rescued=0    ignored=0   
2025-11-25 11:03:50,667 p=5706 u=root n=ansible | PLAY [Create Cluster Peer Lifs] ***********************************************************************
2025-11-25 11:03:50,983 p=5706 u=root n=ansible | TASK [Create interface n1 cluster3] *******************************************************************
2025-11-25 11:03:50,983 p=5706 u=root n=ansible | [WARNING]: Ignoring vserver with REST for non data SVM.

2025-11-25 11:03:50,983 p=5706 u=root n=ansible | fatal: [localhost]: FAILED! => {"changed": false, "msg": "Error: ipspace name must be provided if scope is cluster, or vserver for svm scope."}
2025-11-25 11:03:50,984 p=5706 u=root n=ansible | PLAY RECAP ********************************************************************************************
2025-11-25 11:03:50,984 p=5706 u=root n=ansible | localhost                  : ok=0    changed=0    unreachable=0    failed=1    skipped=0    rescued=0    ignored=0   
2025-11-25 11:04:53,616 p=5728 u=root n=ansible | PLAY [Create Cluster Peer Lifs] ***********************************************************************
2025-11-25 11:04:53,937 p=5728 u=root n=ansible | TASK [Create interface n1 cluster3] *******************************************************************
2025-11-25 11:04:53,937 p=5728 u=root n=ansible | [WARNING]: Ignoring vserver with REST for non data SVM.

2025-11-25 11:04:53,938 p=5728 u=root n=ansible | fatal: [localhost]: FAILED! => {"changed": false, "msg": "Error: ipspace name must be provided if scope is cluster, or vserver for svm scope."}
2025-11-25 11:04:53,938 p=5728 u=root n=ansible | PLAY RECAP ********************************************************************************************
2025-11-25 11:04:53,938 p=5728 u=root n=ansible | localhost                  : ok=0    changed=0    unreachable=0    failed=1    skipped=0    rescued=0    ignored=0   
2025-11-25 11:09:21,627 p=5751 u=root n=ansible | PLAY [Create Cluster Peer Lifs] ***********************************************************************
2025-11-25 11:09:21,948 p=5751 u=root n=ansible | TASK [Create interface n1 cluster3] *******************************************************************
2025-11-25 11:09:21,948 p=5751 u=root n=ansible | [WARNING]: Ignoring vserver with REST for non data SVM.

2025-11-25 11:09:21,948 p=5751 u=root n=ansible | fatal: [localhost]: FAILED! => {"changed": false, "msg": "Error: ipspace name must be provided if scope is cluster, or vserver for svm scope."}
2025-11-25 11:09:21,949 p=5751 u=root n=ansible | PLAY RECAP ********************************************************************************************
2025-11-25 11:09:21,949 p=5751 u=root n=ansible | localhost                  : ok=0    changed=0    unreachable=0    failed=1    skipped=0    rescued=0    ignored=0   
2025-11-25 11:09:33,164 p=5773 u=root n=ansible | PLAY [Create Cluster Peer Lifs] ***********************************************************************
2025-11-25 11:09:33,490 p=5773 u=root n=ansible | TASK [Create interface n1 cluster3] *******************************************************************
2025-11-25 11:09:33,491 p=5773 u=root n=ansible | [WARNING]: Ignoring vserver with REST for non data SVM.

2025-11-25 11:09:33,491 p=5773 u=root n=ansible | fatal: [localhost]: FAILED! => {"changed": false, "msg": "Error: ipspace name must be provided if scope is cluster, or vserver for svm scope."}
2025-11-25 11:09:33,492 p=5773 u=root n=ansible | PLAY RECAP ********************************************************************************************
2025-11-25 11:09:33,493 p=5773 u=root n=ansible | localhost                  : ok=0    changed=0    unreachable=0    failed=1    skipped=0    rescued=0    ignored=0   
2025-11-25 11:11:07,884 p=5796 u=root n=ansible | PLAY [Create Cluster Peer Lifs] ***********************************************************************
2025-11-25 11:11:08,211 p=5796 u=root n=ansible | TASK [Create interface n1 cluster3] *******************************************************************
2025-11-25 11:11:08,211 p=5796 u=root n=ansible | [WARNING]: Ignoring vserver with REST for non data SVM.

2025-11-25 11:11:08,211 p=5796 u=root n=ansible | fatal: [localhost]: FAILED! => {"changed": false, "msg": "Error: ipspace name must be provided if scope is cluster, or vserver for svm scope."}
2025-11-25 11:11:08,212 p=5796 u=root n=ansible | PLAY RECAP ********************************************************************************************
2025-11-25 11:11:08,212 p=5796 u=root n=ansible | localhost                  : ok=0    changed=0    unreachable=0    failed=1    skipped=0    rescued=0    ignored=0   
2025-11-25 11:15:03,036 p=5818 u=root n=ansible | PLAY [Create Cluster Peer Lifs] ***********************************************************************
2025-11-25 11:15:03,357 p=5818 u=root n=ansible | TASK [Create interface n1 cluster3] *******************************************************************
2025-11-25 11:15:03,357 p=5818 u=root n=ansible | [WARNING]: Ignoring vserver with REST for non data SVM.

2025-11-25 11:15:03,357 p=5818 u=root n=ansible | fatal: [localhost]: FAILED! => {"changed": false, "msg": "Error: ipspace name must be provided if scope is cluster, or vserver for svm scope."}
2025-11-25 11:15:03,358 p=5818 u=root n=ansible | PLAY RECAP ********************************************************************************************
2025-11-25 11:15:03,358 p=5818 u=root n=ansible | localhost                  : ok=0    changed=0    unreachable=0    failed=1    skipped=0    rescued=0    ignored=0   
2025-11-25 11:21:30,233 p=5844 u=root n=ansible | PLAY [Create Cluster Peer Lifs] ***********************************************************************
2025-11-25 11:21:30,557 p=5844 u=root n=ansible | TASK [Create interface n1 cluster3] *******************************************************************
2025-11-25 11:21:30,557 p=5844 u=root n=ansible | [WARNING]: Ignoring vserver with REST for non data SVM.

2025-11-25 11:21:30,557 p=5844 u=root n=ansible | fatal: [localhost]: FAILED! => {"changed": false, "msg": "Error: ipspace name must be provided if scope is cluster, or vserver for svm scope."}
2025-11-25 11:21:30,558 p=5844 u=root n=ansible | PLAY RECAP ********************************************************************************************
2025-11-25 11:21:30,558 p=5844 u=root n=ansible | localhost                  : ok=0    changed=0    unreachable=0    failed=1    skipped=0    rescued=0    ignored=0   
2025-11-25 15:05:53,927 p=5944 u=root n=ansible | PLAY [Create Cluster Peer Lifs] ***********************************************************************
2025-11-25 15:05:54,254 p=5944 u=root n=ansible | TASK [Create interface n1 cluster3] *******************************************************************
2025-11-25 15:05:54,254 p=5944 u=root n=ansible | [WARNING]: Ignoring vserver with REST for non data SVM.

2025-11-25 15:05:54,254 p=5944 u=root n=ansible | fatal: [localhost]: FAILED! => {"changed": false, "msg": "Error: ipspace name must be provided if scope is cluster, or vserver for svm scope."}
2025-11-25 15:05:54,255 p=5944 u=root n=ansible | PLAY RECAP ********************************************************************************************
2025-11-25 15:05:54,255 p=5944 u=root n=ansible | localhost                  : ok=0    changed=0    unreachable=0    failed=1    skipped=0    rescued=0    ignored=0   
2025-11-25 15:07:19,559 p=5968 u=root n=ansible | PLAY [Create Cluster Peer Lifs] ***********************************************************************
2025-11-25 15:07:19,931 p=5968 u=root n=ansible | TASK [Create interface n1 cluster3] *******************************************************************
2025-11-25 15:07:19,932 p=5968 u=root n=ansible | An exception occurred during task execution. To see the full traceback, use -vvv. The error was: NoneType: None
2025-11-25 15:07:19,932 p=5968 u=root n=ansible | [WARNING]: Ignoring vserver with REST for non data SVM.

2025-11-25 15:07:19,932 p=5968 u=root n=ansible | fatal: [localhost]: FAILED! => {"changed": false, "msg": "Error creating interface peer-lif-n1: calling: network/ip/interfaces: got {'message': '\"cluster3-02\" is an invalid value for field \"location.home_port.node.name\".', 'code': '53281680'}."}
2025-11-25 15:07:19,933 p=5968 u=root n=ansible | PLAY RECAP ********************************************************************************************
2025-11-25 15:07:19,933 p=5968 u=root n=ansible | localhost                  : ok=0    changed=0    unreachable=0    failed=1    skipped=0    rescued=0    ignored=0   
2025-11-25 15:09:57,327 p=5992 u=root n=ansible | PLAY [Create Cluster Peer Lifs] ***********************************************************************
2025-11-25 15:09:57,689 p=5992 u=root n=ansible | TASK [Create interface n1 cluster3] *******************************************************************
2025-11-25 15:09:57,689 p=5992 u=root n=ansible | An exception occurred during task execution. To see the full traceback, use -vvv. The error was: NoneType: None
2025-11-25 15:09:57,689 p=5992 u=root n=ansible | [WARNING]: Ignoring vserver with REST for non data SVM.

2025-11-25 15:09:57,690 p=5992 u=root n=ansible | fatal: [localhost]: FAILED! => {"changed": false, "msg": "Error creating interface peer-lif-n1: calling: network/ip/interfaces: got {'message': '\"cluster3-02\" is an invalid value for field \"location.home_port.node.name\".', 'code': '53281680'}."}
2025-11-25 15:09:57,690 p=5992 u=root n=ansible | PLAY RECAP ********************************************************************************************
2025-11-25 15:09:57,690 p=5992 u=root n=ansible | localhost                  : ok=0    changed=0    unreachable=0    failed=1    skipped=0    rescued=0    ignored=0   
2025-11-25 15:10:26,024 p=6014 u=root n=ansible | PLAY [Create Cluster Peer Lifs] ***********************************************************************
2025-11-25 15:10:26,891 p=6014 u=root n=ansible | TASK [Create interface n1 cluster3] *******************************************************************
2025-11-25 15:10:26,892 p=6014 u=root n=ansible | [WARNING]: Ignoring vserver with REST for non data SVM.

2025-11-25 15:10:26,892 p=6014 u=root n=ansible | changed: [localhost]
2025-11-25 15:10:27,314 p=6014 u=root n=ansible | TASK [Create intercluster LIF for cluster2] ***********************************************************
2025-11-25 15:10:27,314 p=6014 u=root n=ansible | An exception occurred during task execution. To see the full traceback, use -vvv. The error was: NoneType: None
2025-11-25 15:10:27,314 p=6014 u=root n=ansible | fatal: [localhost]: FAILED! => {"changed": false, "msg": "Error creating interface peer-lif-n1: calling: network/ip/interfaces: got {'message': 'The specified svm.name \"cluster2\", is invalid.', 'code': '1967146', 'target': 'svm.name'}."}
2025-11-25 15:10:27,315 p=6014 u=root n=ansible | PLAY RECAP ********************************************************************************************
2025-11-25 15:10:27,315 p=6014 u=root n=ansible | localhost                  : ok=1    changed=1    unreachable=0    failed=1    skipped=0    rescued=0    ignored=0   
2025-11-25 15:11:33,600 p=6052 u=root n=ansible | PLAY [Create Cluster Peer Lifs] ***********************************************************************
2025-11-25 15:11:33,926 p=6052 u=root n=ansible | TASK [Create interface n1 cluster3] *******************************************************************
2025-11-25 15:11:33,927 p=6052 u=root n=ansible | [WARNING]: Ignoring vserver with REST for non data SVM.

2025-11-25 15:11:33,927 p=6052 u=root n=ansible | ok: [localhost]
2025-11-25 15:11:33,932 p=6052 u=root n=ansible | PLAY RECAP ********************************************************************************************
2025-11-25 15:11:33,932 p=6052 u=root n=ansible | localhost                  : ok=1    changed=0    unreachable=0    failed=0    skipped=0    rescued=0    ignored=0   
2025-11-25 15:11:54,365 p=6074 u=root n=ansible | PLAY [Create Cluster Peer Lifs] ***********************************************************************
2025-11-25 15:11:54,802 p=6074 u=root n=ansible | TASK [Create interface n1 cluster3] *******************************************************************
2025-11-25 15:11:54,802 p=6074 u=root n=ansible | [WARNING]: Ignoring vserver with REST for non data SVM.

2025-11-25 15:11:54,802 p=6074 u=root n=ansible | changed: [localhost]
2025-11-25 15:11:54,807 p=6074 u=root n=ansible | PLAY RECAP ********************************************************************************************
2025-11-25 15:11:54,807 p=6074 u=root n=ansible | localhost                  : ok=1    changed=1    unreachable=0    failed=0    skipped=0    rescued=0    ignored=0   
2025-11-25 15:12:55,969 p=6109 u=root n=ansible | PLAY [Create Cluster Peer Lifs] ***********************************************************************
2025-11-25 15:12:56,367 p=6109 u=root n=ansible | TASK [Create interface n1 cluster3] *******************************************************************
2025-11-25 15:12:56,368 p=6109 u=root n=ansible | [WARNING]: Ignoring vserver with REST for non data SVM.

2025-11-25 15:12:56,368 p=6109 u=root n=ansible | changed: [localhost]
2025-11-25 15:12:56,603 p=6109 u=root n=ansible | TASK [Create interface n1 cluster2] *******************************************************************
2025-11-25 15:12:56,603 p=6109 u=root n=ansible | ok: [localhost]
2025-11-25 15:12:56,608 p=6109 u=root n=ansible | PLAY RECAP ********************************************************************************************
2025-11-25 15:12:56,608 p=6109 u=root n=ansible | localhost                  : ok=2    changed=1    unreachable=0    failed=0    skipped=0    rescued=0    ignored=0   
2025-11-25 15:13:11,036 p=6146 u=root n=ansible | PLAY [Create Cluster Peer Lifs] ***********************************************************************
2025-11-25 15:13:11,361 p=6146 u=root n=ansible | TASK [Create interface n1 cluster3] *******************************************************************
2025-11-25 15:13:11,361 p=6146 u=root n=ansible | [WARNING]: Ignoring vserver with REST for non data SVM.

2025-11-25 15:13:11,361 p=6146 u=root n=ansible | ok: [localhost]
2025-11-25 15:13:11,598 p=6146 u=root n=ansible | TASK [Create interface n1 cluster2] *******************************************************************
2025-11-25 15:13:11,598 p=6146 u=root n=ansible | ok: [localhost]
2025-11-25 15:13:11,603 p=6146 u=root n=ansible | PLAY RECAP ********************************************************************************************
2025-11-25 15:13:11,603 p=6146 u=root n=ansible | localhost                  : ok=2    changed=0    unreachable=0    failed=0    skipped=0    rescued=0    ignored=0   
2025-11-25 15:14:58,428 p=6185 u=root n=ansible | PLAY [Create Cluster Peer Lifs] ***********************************************************************
2025-11-25 15:14:58,750 p=6185 u=root n=ansible | TASK [Create interface n1 cluster3] *******************************************************************
2025-11-25 15:14:58,751 p=6185 u=root n=ansible | [WARNING]: Ignoring vserver with REST for non data SVM.

2025-11-25 15:14:58,751 p=6185 u=root n=ansible | ok: [localhost]
2025-11-25 15:14:59,062 p=6185 u=root n=ansible | TASK [Create interface n1 cluster2] *******************************************************************
2025-11-25 15:14:59,062 p=6185 u=root n=ansible | changed: [localhost]
2025-11-25 15:14:59,066 p=6185 u=root n=ansible | PLAY RECAP ********************************************************************************************
2025-11-25 15:14:59,067 p=6185 u=root n=ansible | localhost                  : ok=2    changed=1    unreachable=0    failed=0    skipped=0    rescued=0    ignored=0   
2025-11-25 15:15:11,380 p=6223 u=root n=ansible | PLAY [Create Cluster Peer Lifs] ***********************************************************************
2025-11-25 15:15:11,703 p=6223 u=root n=ansible | TASK [Create interface n1 cluster3] *******************************************************************
2025-11-25 15:15:11,703 p=6223 u=root n=ansible | [WARNING]: Ignoring vserver with REST for non data SVM.

2025-11-25 15:15:11,703 p=6223 u=root n=ansible | ok: [localhost]
2025-11-25 15:15:11,934 p=6223 u=root n=ansible | TASK [Create interface n1 cluster2] *******************************************************************
2025-11-25 15:15:11,935 p=6223 u=root n=ansible | ok: [localhost]
2025-11-25 15:15:11,940 p=6223 u=root n=ansible | PLAY RECAP ********************************************************************************************
2025-11-25 15:15:11,940 p=6223 u=root n=ansible | localhost                  : ok=2    changed=0    unreachable=0    failed=0    skipped=0    rescued=0    ignored=0   
2025-11-25 15:24:52,761 p=6298 u=root n=ansible | PLAY [Create Cluster Peer Lifs] ***********************************************************************
2025-11-25 15:24:53,168 p=6298 u=root n=ansible | TASK [Create interface n1 cluster3] *******************************************************************
2025-11-25 15:24:53,168 p=6298 u=root n=ansible | [WARNING]: Ignoring vserver with REST for non data SVM.

2025-11-25 15:24:53,168 p=6298 u=root n=ansible | changed: [localhost]
2025-11-25 15:24:53,471 p=6298 u=root n=ansible | TASK [Create interface n1 cluster2] *******************************************************************
2025-11-25 15:24:53,471 p=6298 u=root n=ansible | changed: [localhost]
2025-11-25 15:24:53,476 p=6298 u=root n=ansible | PLAY RECAP ********************************************************************************************
2025-11-25 15:24:53,476 p=6298 u=root n=ansible | localhost                  : ok=2    changed=2    unreachable=0    failed=0    skipped=0    rescued=0    ignored=0   
2025-11-25 15:25:04,641 p=6335 u=root n=ansible | PLAY [Create Cluster Peer Lifs] ***********************************************************************
2025-11-25 15:25:05,030 p=6335 u=root n=ansible | TASK [Create interface n1 cluster3] *******************************************************************
2025-11-25 15:25:05,031 p=6335 u=root n=ansible | [WARNING]: Ignoring vserver with REST for non data SVM.

2025-11-25 15:25:05,031 p=6335 u=root n=ansible | changed: [localhost]
2025-11-25 15:25:05,348 p=6335 u=root n=ansible | TASK [Create interface n1 cluster2] *******************************************************************
2025-11-25 15:25:05,348 p=6335 u=root n=ansible | changed: [localhost]
2025-11-25 15:25:05,353 p=6335 u=root n=ansible | PLAY RECAP ********************************************************************************************
2025-11-25 15:25:05,353 p=6335 u=root n=ansible | localhost                  : ok=2    changed=2    unreachable=0    failed=0    skipped=0    rescued=0    ignored=0   
2025-11-25 15:25:36,093 p=6373 u=root n=ansible | PLAY [Create Cluster Peer Lifs] ***********************************************************************
2025-11-25 15:25:36,492 p=6373 u=root n=ansible | TASK [Create interface n1 cluster3] *******************************************************************
2025-11-25 15:25:36,492 p=6373 u=root n=ansible | [WARNING]: Ignoring vserver with REST for non data SVM.

2025-11-25 15:25:36,492 p=6373 u=root n=ansible | changed: [localhost]
2025-11-25 15:25:36,769 p=6373 u=root n=ansible | TASK [Create interface n1 cluster2] *******************************************************************
2025-11-25 15:25:36,769 p=6373 u=root n=ansible | An exception occurred during task execution. To see the full traceback, use -vvv. The error was: NoneType: None
2025-11-25 15:25:36,769 p=6373 u=root n=ansible | fatal: [localhost]: FAILED! => {"changed": false, "msg": "Error modifying interface peer-lif-n1: calling: network/ip/interfaces/f0a79395-ca7f-11f0-aaef-000c2915bb7a: got {'message': '\"cluster2-01\" is an invalid value for field \"location.home_node.name\".', 'code': '53281680'}."}
2025-11-25 15:25:36,770 p=6373 u=root n=ansible | PLAY RECAP ********************************************************************************************
2025-11-25 15:25:36,770 p=6373 u=root n=ansible | localhost                  : ok=1    changed=1    unreachable=0    failed=1    skipped=0    rescued=0    ignored=0   
2025-11-25 15:28:27,311 p=6412 u=root n=ansible | PLAY [Create Cluster Peer Lifs] ***********************************************************************
2025-11-25 15:28:27,640 p=6412 u=root n=ansible | TASK [Create interface n1 cluster3] *******************************************************************
2025-11-25 15:28:27,640 p=6412 u=root n=ansible | [WARNING]: Ignoring vserver with REST for non data SVM.

2025-11-25 15:28:27,640 p=6412 u=root n=ansible | ok: [localhost]
2025-11-25 15:28:27,912 p=6412 u=root n=ansible | TASK [Create interface n1 cluster2] *******************************************************************
2025-11-25 15:28:27,912 p=6412 u=root n=ansible | An exception occurred during task execution. To see the full traceback, use -vvv. The error was: NoneType: None
2025-11-25 15:28:27,912 p=6412 u=root n=ansible | fatal: [localhost]: FAILED! => {"changed": false, "msg": "Error modifying interface peer-lif-n1: calling: network/ip/interfaces/f0a79395-ca7f-11f0-aaef-000c2915bb7a: got {'message': '\"cluster2-01\" is an invalid value for field \"location.home_node.name\".', 'code': '53281680'}."}
2025-11-25 15:28:27,913 p=6412 u=root n=ansible | PLAY RECAP ********************************************************************************************
2025-11-25 15:28:27,913 p=6412 u=root n=ansible | localhost                  : ok=1    changed=0    unreachable=0    failed=1    skipped=0    rescued=0    ignored=0   
2025-11-25 15:28:33,788 p=6449 u=root n=ansible | ansible-playbook [core 2.15.13]
  config file = /root/ansible-workshop/ansible.cfg
  configured module search path = ['/root/.ansible/plugins/modules', '/usr/share/ansible/plugins/modules']
  ansible python module location = /usr/local/lib/python3.9/site-packages/ansible
  ansible collection location = /root/.ansible/collections:/usr/share/ansible/collections
  executable location = /usr/local/bin/ansible-playbook
  python version = 3.9.18 (main, Jan 24 2024, 00:00:00) [GCC 11.4.1 20231218 (Red Hat 11.4.1-3)] (/usr/bin/python3)
  jinja version = 3.1.6
  libyaml = True
2025-11-25 15:28:33,789 p=6449 u=root n=ansible | Using /root/ansible-workshop/ansible.cfg as config file
2025-11-25 15:28:33,865 p=6449 u=root n=ansible | host_list declined parsing /root/ansible-workshop/hosts as it did not pass its verify_file() method
2025-11-25 15:28:33,865 p=6449 u=root n=ansible | script declined parsing /root/ansible-workshop/hosts as it did not pass its verify_file() method
2025-11-25 15:28:33,865 p=6449 u=root n=ansible | auto declined parsing /root/ansible-workshop/hosts as it did not pass its verify_file() method
2025-11-25 15:28:33,867 p=6449 u=root n=ansible | Parsed /root/ansible-workshop/hosts inventory source with ini plugin
2025-11-25 15:28:33,910 p=6449 u=root n=ansible | redirecting (type: modules) ansible.builtin.na_ontap_interface to netapp.ontap.na_ontap_interface
2025-11-25 15:28:33,912 p=6449 u=root n=ansible | redirecting (type: modules) ansible.builtin.na_ontap_interface to netapp.ontap.na_ontap_interface
2025-11-25 15:28:33,919 p=6449 u=root n=ansible | Skipping callback 'default', as we already have a stdout callback.
2025-11-25 15:28:33,919 p=6449 u=root n=ansible | Skipping callback 'minimal', as we already have a stdout callback.
2025-11-25 15:28:33,919 p=6449 u=root n=ansible | Skipping callback 'oneline', as we already have a stdout callback.
2025-11-25 15:28:33,919 p=6449 u=root n=ansible | PLAYBOOK: 4-create-peer-lifs.yml **********************************************************************
2025-11-25 15:28:33,919 p=6449 u=root n=ansible | 1 plays in 4-create-peer-lifs.yml
2025-11-25 15:28:33,920 p=6449 u=root n=ansible | PLAY [Create Cluster Peer Lifs] ***********************************************************************
2025-11-25 15:28:33,930 p=6449 u=root n=ansible | redirecting (type: modules) ansible.builtin.na_ontap_interface to netapp.ontap.na_ontap_interface
2025-11-25 15:28:33,931 p=6449 u=root n=ansible | <127.0.0.1> ESTABLISH LOCAL CONNECTION FOR USER: root
2025-11-25 15:28:33,931 p=6449 u=root n=ansible | <127.0.0.1> EXEC /bin/sh -c 'echo ~root && sleep 0'
2025-11-25 15:28:33,935 p=6449 u=root n=ansible | <127.0.0.1> EXEC /bin/sh -c '( umask 77 && mkdir -p "` echo /root/.ansible/tmp `"&& mkdir "` echo /root/.ansible/tmp/ansible-tmp-1764102513.9348145-6453-101320146559589 `" && echo ansible-tmp-1764102513.9348145-6453-101320146559589="` echo /root/.ansible/tmp/ansible-tmp-1764102513.9348145-6453-101320146559589 `" ) && sleep 0'
2025-11-25 15:28:33,939 p=6449 u=root n=ansible | redirecting (type: modules) ansible.builtin.na_ontap_interface to netapp.ontap.na_ontap_interface
2025-11-25 15:28:34,024 p=6449 u=root n=ansible | Using module file /usr/local/lib/python3.9/site-packages/ansible_collections/netapp/ontap/plugins/modules/na_ontap_interface.py
2025-11-25 15:28:34,024 p=6449 u=root n=ansible | <127.0.0.1> PUT /root/.ansible/tmp/ansible-local-6449f68arufe/tmp06gib76e TO /root/.ansible/tmp/ansible-tmp-1764102513.9348145-6453-101320146559589/AnsiballZ_na_ontap_interface.py
2025-11-25 15:28:34,024 p=6449 u=root n=ansible | <127.0.0.1> EXEC /bin/sh -c 'chmod u+x /root/.ansible/tmp/ansible-tmp-1764102513.9348145-6453-101320146559589/ /root/.ansible/tmp/ansible-tmp-1764102513.9348145-6453-101320146559589/AnsiballZ_na_ontap_interface.py && sleep 0'
2025-11-25 15:28:34,028 p=6449 u=root n=ansible | <127.0.0.1> EXEC /bin/sh -c '/usr/bin/python3 /root/.ansible/tmp/ansible-tmp-1764102513.9348145-6453-101320146559589/AnsiballZ_na_ontap_interface.py && sleep 0'
2025-11-25 15:28:34,240 p=6449 u=root n=ansible | <127.0.0.1> EXEC /bin/sh -c 'rm -f -r /root/.ansible/tmp/ansible-tmp-1764102513.9348145-6453-101320146559589/ > /dev/null 2>&1 && sleep 0'
2025-11-25 15:28:34,246 p=6449 u=root n=ansible | TASK [Create interface n1 cluster3] *******************************************************************
2025-11-25 15:28:34,246 p=6449 u=root n=ansible | [WARNING]: Ignoring vserver with REST for non data SVM.

2025-11-25 15:28:34,247 p=6449 u=root n=ansible | ok: [localhost] => {
    "changed": false,
    "invocation": {
        "module_args": {
            "address": "192.168.4.120",
            "admin_status": null,
            "broadcast_domain": null,
            "cert_filepath": null,
            "current_node": null,
            "current_port": null,
            "data_protocol": null,
            "dns_domain_name": null,
            "fail_if_subnet_conflicts": null,
            "failover_group": null,
            "failover_policy": null,
            "failover_scope": null,
            "feature_flags": null,
            "firewall_policy": null,
            "force_ontap_version": null,
            "force_subnet_association": null,
            "from_name": null,
            "home_node": "cluster3-01",
            "home_port": "e0c",
            "hostname": "192.168.4.200",
            "http_port": null,
            "https": true,
            "ignore_zapi_options": [
                "force_subnet_association"
            ],
            "interface_name": "peer-lif-n1",
            "interface_type": null,
            "ipspace": "Default",
            "is_auto_revert": null,
            "is_dns_update_enabled": null,
            "is_ipv4_link_local": null,
            "key_filepath": null,
            "listen_for_dns_query": null,
            "netmask": "255.255.255.0",
            "ontapi": null,
            "password": "VALUE_SPECIFIED_IN_NO_LOG_PARAMETER",
            "probe_port": null,
            "protocols": null,
            "role": "intercluster",
            "service_policy": null,
            "state": "present",
            "subnet_name": null,
            "use_rest": "auto",
            "username": "admin",
            "validate_certs": false,
            "vserver": "cluster3"
        }
    }
}
2025-11-25 15:28:34,253 p=6449 u=root n=ansible | redirecting (type: modules) ansible.builtin.na_ontap_interface to netapp.ontap.na_ontap_interface
2025-11-25 15:28:34,254 p=6449 u=root n=ansible | <127.0.0.1> ESTABLISH LOCAL CONNECTION FOR USER: root
2025-11-25 15:28:34,255 p=6449 u=root n=ansible | <127.0.0.1> EXEC /bin/sh -c 'echo ~root && sleep 0'
2025-11-25 15:28:34,257 p=6449 u=root n=ansible | <127.0.0.1> EXEC /bin/sh -c '( umask 77 && mkdir -p "` echo /root/.ansible/tmp `"&& mkdir "` echo /root/.ansible/tmp/ansible-tmp-1764102514.2573893-6469-255876177382415 `" && echo ansible-tmp-1764102514.2573893-6469-255876177382415="` echo /root/.ansible/tmp/ansible-tmp-1764102514.2573893-6469-255876177382415 `" ) && sleep 0'
2025-11-25 15:28:34,263 p=6449 u=root n=ansible | redirecting (type: modules) ansible.builtin.na_ontap_interface to netapp.ontap.na_ontap_interface
2025-11-25 15:28:34,263 p=6449 u=root n=ansible | Using module file /usr/local/lib/python3.9/site-packages/ansible_collections/netapp/ontap/plugins/modules/na_ontap_interface.py
2025-11-25 15:28:34,263 p=6449 u=root n=ansible | <127.0.0.1> PUT /root/.ansible/tmp/ansible-local-6449f68arufe/tmp37ywg8g7 TO /root/.ansible/tmp/ansible-tmp-1764102514.2573893-6469-255876177382415/AnsiballZ_na_ontap_interface.py
2025-11-25 15:28:34,264 p=6449 u=root n=ansible | <127.0.0.1> EXEC /bin/sh -c 'chmod u+x /root/.ansible/tmp/ansible-tmp-1764102514.2573893-6469-255876177382415/ /root/.ansible/tmp/ansible-tmp-1764102514.2573893-6469-255876177382415/AnsiballZ_na_ontap_interface.py && sleep 0'
2025-11-25 15:28:34,267 p=6449 u=root n=ansible | <127.0.0.1> EXEC /bin/sh -c '/usr/bin/python3 /root/.ansible/tmp/ansible-tmp-1764102514.2573893-6469-255876177382415/AnsiballZ_na_ontap_interface.py && sleep 0'
2025-11-25 15:28:34,511 p=6449 u=root n=ansible | <127.0.0.1> EXEC /bin/sh -c 'rm -f -r /root/.ansible/tmp/ansible-tmp-1764102514.2573893-6469-255876177382415/ > /dev/null 2>&1 && sleep 0'
2025-11-25 15:28:34,515 p=6449 u=root n=ansible | TASK [Create interface n1 cluster2] *******************************************************************
2025-11-25 15:28:34,516 p=6449 u=root n=ansible | The full traceback is:
NoneType: None

2025-11-25 15:28:34,516 p=6449 u=root n=ansible | fatal: [localhost]: FAILED! => {
    "changed": false,
    "invocation": {
        "module_args": {
            "address": "192.168.4.120",
            "admin_status": null,
            "broadcast_domain": null,
            "cert_filepath": null,
            "current_node": null,
            "current_port": null,
            "data_protocol": null,
            "dns_domain_name": null,
            "fail_if_subnet_conflicts": null,
            "failover_group": null,
            "failover_policy": null,
            "failover_scope": null,
            "feature_flags": null,
            "firewall_policy": null,
            "force_ontap_version": null,
            "force_subnet_association": null,
            "from_name": null,
            "home_node": "cluster2-01",
            "home_port": "e0c",
            "hostname": "192.168.4.200",
            "http_port": null,
            "https": true,
            "ignore_zapi_options": [
                "force_subnet_association"
            ],
            "interface_name": "peer-lif-n1",
            "interface_type": null,
            "ipspace": "Default",
            "is_auto_revert": null,
            "is_dns_update_enabled": null,
            "is_ipv4_link_local": null,
            "key_filepath": null,
            "listen_for_dns_query": null,
            "netmask": "255.255.255.0",
            "ontapi": null,
            "password": "VALUE_SPECIFIED_IN_NO_LOG_PARAMETER",
            "probe_port": null,
            "protocols": null,
            "role": "intercluster",
            "service_policy": null,
            "state": "present",
            "subnet_name": null,
            "use_rest": "auto",
            "username": "admin",
            "validate_certs": false,
            "vserver": "cluster2"
        }
    },
    "msg": "Error modifying interface peer-lif-n1: calling: network/ip/interfaces/f0a79395-ca7f-11f0-aaef-000c2915bb7a: got {'message': '\"cluster2-01\" is an invalid value for field \"location.home_node.name\".', 'code': '53281680'}."
}
2025-11-25 15:28:34,516 p=6449 u=root n=ansible | PLAY RECAP ********************************************************************************************
2025-11-25 15:28:34,516 p=6449 u=root n=ansible | localhost                  : ok=1    changed=0    unreachable=0    failed=1    skipped=0    rescued=0    ignored=0   
2025-11-25 15:29:05,944 p=6488 u=root n=ansible | ansible-playbook [core 2.15.13]
  config file = /root/ansible-workshop/ansible.cfg
  configured module search path = ['/root/.ansible/plugins/modules', '/usr/share/ansible/plugins/modules']
  ansible python module location = /usr/local/lib/python3.9/site-packages/ansible
  ansible collection location = /root/.ansible/collections:/usr/share/ansible/collections
  executable location = /usr/local/bin/ansible-playbook
  python version = 3.9.18 (main, Jan 24 2024, 00:00:00) [GCC 11.4.1 20231218 (Red Hat 11.4.1-3)] (/usr/bin/python3)
  jinja version = 3.1.6
  libyaml = True
2025-11-25 15:29:05,944 p=6488 u=root n=ansible | Using /root/ansible-workshop/ansible.cfg as config file
2025-11-25 15:29:06,020 p=6488 u=root n=ansible | host_list declined parsing /root/ansible-workshop/hosts as it did not pass its verify_file() method
2025-11-25 15:29:06,021 p=6488 u=root n=ansible | script declined parsing /root/ansible-workshop/hosts as it did not pass its verify_file() method
2025-11-25 15:29:06,021 p=6488 u=root n=ansible | auto declined parsing /root/ansible-workshop/hosts as it did not pass its verify_file() method
2025-11-25 15:29:06,022 p=6488 u=root n=ansible | Parsed /root/ansible-workshop/hosts inventory source with ini plugin
2025-11-25 15:29:06,066 p=6488 u=root n=ansible | redirecting (type: modules) ansible.builtin.na_ontap_interface to netapp.ontap.na_ontap_interface
2025-11-25 15:29:06,068 p=6488 u=root n=ansible | redirecting (type: modules) ansible.builtin.na_ontap_interface to netapp.ontap.na_ontap_interface
2025-11-25 15:29:06,074 p=6488 u=root n=ansible | Skipping callback 'default', as we already have a stdout callback.
2025-11-25 15:29:06,074 p=6488 u=root n=ansible | Skipping callback 'minimal', as we already have a stdout callback.
2025-11-25 15:29:06,074 p=6488 u=root n=ansible | Skipping callback 'oneline', as we already have a stdout callback.
2025-11-25 15:29:06,074 p=6488 u=root n=ansible | PLAYBOOK: 4-create-peer-lifs.yml **********************************************************************
2025-11-25 15:29:06,074 p=6488 u=root n=ansible | 1 plays in 4-create-peer-lifs.yml
2025-11-25 15:29:06,075 p=6488 u=root n=ansible | PLAY [Create Cluster Peer Lifs] ***********************************************************************
2025-11-25 15:29:06,086 p=6488 u=root n=ansible | redirecting (type: modules) ansible.builtin.na_ontap_interface to netapp.ontap.na_ontap_interface
2025-11-25 15:29:06,087 p=6488 u=root n=ansible | <127.0.0.1> ESTABLISH LOCAL CONNECTION FOR USER: root
2025-11-25 15:29:06,087 p=6488 u=root n=ansible | <127.0.0.1> EXEC /bin/sh -c 'echo ~root && sleep 0'
2025-11-25 15:29:06,090 p=6488 u=root n=ansible | <127.0.0.1> EXEC /bin/sh -c '( umask 77 && mkdir -p "` echo /root/.ansible/tmp `"&& mkdir "` echo /root/.ansible/tmp/ansible-tmp-1764102546.0903728-6492-159273200765621 `" && echo ansible-tmp-1764102546.0903728-6492-159273200765621="` echo /root/.ansible/tmp/ansible-tmp-1764102546.0903728-6492-159273200765621 `" ) && sleep 0'
2025-11-25 15:29:06,095 p=6488 u=root n=ansible | redirecting (type: modules) ansible.builtin.na_ontap_interface to netapp.ontap.na_ontap_interface
2025-11-25 15:29:06,179 p=6488 u=root n=ansible | Using module file /usr/local/lib/python3.9/site-packages/ansible_collections/netapp/ontap/plugins/modules/na_ontap_interface.py
2025-11-25 15:29:06,179 p=6488 u=root n=ansible | <127.0.0.1> PUT /root/.ansible/tmp/ansible-local-6488pz4a8vew/tmp50uab7bs TO /root/.ansible/tmp/ansible-tmp-1764102546.0903728-6492-159273200765621/AnsiballZ_na_ontap_interface.py
2025-11-25 15:29:06,180 p=6488 u=root n=ansible | <127.0.0.1> EXEC /bin/sh -c 'chmod u+x /root/.ansible/tmp/ansible-tmp-1764102546.0903728-6492-159273200765621/ /root/.ansible/tmp/ansible-tmp-1764102546.0903728-6492-159273200765621/AnsiballZ_na_ontap_interface.py && sleep 0'
2025-11-25 15:29:06,184 p=6488 u=root n=ansible | <127.0.0.1> EXEC /bin/sh -c '/usr/bin/python3 /root/.ansible/tmp/ansible-tmp-1764102546.0903728-6492-159273200765621/AnsiballZ_na_ontap_interface.py && sleep 0'
2025-11-25 15:29:06,467 p=6488 u=root n=ansible | <127.0.0.1> EXEC /bin/sh -c 'rm -f -r /root/.ansible/tmp/ansible-tmp-1764102546.0903728-6492-159273200765621/ > /dev/null 2>&1 && sleep 0'
2025-11-25 15:29:06,472 p=6488 u=root n=ansible | TASK [Create interface n1 cluster3] *******************************************************************
2025-11-25 15:29:06,472 p=6488 u=root n=ansible | [WARNING]: Ignoring vserver with REST for non data SVM.

2025-11-25 15:29:06,473 p=6488 u=root n=ansible | changed: [localhost] => {
    "actions": "delete",
    "changed": true,
    "invocation": {
        "module_args": {
            "address": "192.168.4.120",
            "admin_status": null,
            "broadcast_domain": null,
            "cert_filepath": null,
            "current_node": null,
            "current_port": null,
            "data_protocol": null,
            "dns_domain_name": null,
            "fail_if_subnet_conflicts": null,
            "failover_group": null,
            "failover_policy": null,
            "failover_scope": null,
            "feature_flags": null,
            "firewall_policy": null,
            "force_ontap_version": null,
            "force_subnet_association": null,
            "from_name": null,
            "home_node": "cluster3-01",
            "home_port": "e0c",
            "hostname": "192.168.4.200",
            "http_port": null,
            "https": true,
            "ignore_zapi_options": [
                "force_subnet_association"
            ],
            "interface_name": "peer-lif-n1",
            "interface_type": null,
            "ipspace": "Default",
            "is_auto_revert": null,
            "is_dns_update_enabled": null,
            "is_ipv4_link_local": null,
            "key_filepath": null,
            "listen_for_dns_query": null,
            "netmask": "255.255.255.0",
            "ontapi": null,
            "password": "VALUE_SPECIFIED_IN_NO_LOG_PARAMETER",
            "probe_port": null,
            "protocols": null,
            "role": "intercluster",
            "service_policy": null,
            "state": "absent",
            "subnet_name": null,
            "use_rest": "auto",
            "username": "admin",
            "validate_certs": false,
            "vserver": "cluster3"
        }
    }
}
2025-11-25 15:29:06,479 p=6488 u=root n=ansible | redirecting (type: modules) ansible.builtin.na_ontap_interface to netapp.ontap.na_ontap_interface
2025-11-25 15:29:06,480 p=6488 u=root n=ansible | <127.0.0.1> ESTABLISH LOCAL CONNECTION FOR USER: root
2025-11-25 15:29:06,480 p=6488 u=root n=ansible | <127.0.0.1> EXEC /bin/sh -c 'echo ~root && sleep 0'
2025-11-25 15:29:06,483 p=6488 u=root n=ansible | <127.0.0.1> EXEC /bin/sh -c '( umask 77 && mkdir -p "` echo /root/.ansible/tmp `"&& mkdir "` echo /root/.ansible/tmp/ansible-tmp-1764102546.4833841-6508-280234208727631 `" && echo ansible-tmp-1764102546.4833841-6508-280234208727631="` echo /root/.ansible/tmp/ansible-tmp-1764102546.4833841-6508-280234208727631 `" ) && sleep 0'
2025-11-25 15:29:06,488 p=6488 u=root n=ansible | redirecting (type: modules) ansible.builtin.na_ontap_interface to netapp.ontap.na_ontap_interface
2025-11-25 15:29:06,489 p=6488 u=root n=ansible | Using module file /usr/local/lib/python3.9/site-packages/ansible_collections/netapp/ontap/plugins/modules/na_ontap_interface.py
2025-11-25 15:29:06,490 p=6488 u=root n=ansible | <127.0.0.1> PUT /root/.ansible/tmp/ansible-local-6488pz4a8vew/tmpv0gx4n31 TO /root/.ansible/tmp/ansible-tmp-1764102546.4833841-6508-280234208727631/AnsiballZ_na_ontap_interface.py
2025-11-25 15:29:06,490 p=6488 u=root n=ansible | <127.0.0.1> EXEC /bin/sh -c 'chmod u+x /root/.ansible/tmp/ansible-tmp-1764102546.4833841-6508-280234208727631/ /root/.ansible/tmp/ansible-tmp-1764102546.4833841-6508-280234208727631/AnsiballZ_na_ontap_interface.py && sleep 0'
2025-11-25 15:29:06,493 p=6488 u=root n=ansible | <127.0.0.1> EXEC /bin/sh -c '/usr/bin/python3 /root/.ansible/tmp/ansible-tmp-1764102546.4833841-6508-280234208727631/AnsiballZ_na_ontap_interface.py && sleep 0'
2025-11-25 15:29:06,738 p=6488 u=root n=ansible | <127.0.0.1> EXEC /bin/sh -c 'rm -f -r /root/.ansible/tmp/ansible-tmp-1764102546.4833841-6508-280234208727631/ > /dev/null 2>&1 && sleep 0'
2025-11-25 15:29:06,744 p=6488 u=root n=ansible | TASK [Create interface n1 cluster2] *******************************************************************
2025-11-25 15:29:06,744 p=6488 u=root n=ansible | The full traceback is:
NoneType: None

2025-11-25 15:29:06,744 p=6488 u=root n=ansible | fatal: [localhost]: FAILED! => {
    "changed": false,
    "invocation": {
        "module_args": {
            "address": "192.168.4.120",
            "admin_status": null,
            "broadcast_domain": null,
            "cert_filepath": null,
            "current_node": null,
            "current_port": null,
            "data_protocol": null,
            "dns_domain_name": null,
            "fail_if_subnet_conflicts": null,
            "failover_group": null,
            "failover_policy": null,
            "failover_scope": null,
            "feature_flags": null,
            "firewall_policy": null,
            "force_ontap_version": null,
            "force_subnet_association": null,
            "from_name": null,
            "home_node": "cluster2-01",
            "home_port": "e0c",
            "hostname": "192.168.4.200",
            "http_port": null,
            "https": true,
            "ignore_zapi_options": [
                "force_subnet_association"
            ],
            "interface_name": "peer-lif-n1",
            "interface_type": null,
            "ipspace": "Default",
            "is_auto_revert": null,
            "is_dns_update_enabled": null,
            "is_ipv4_link_local": null,
            "key_filepath": null,
            "listen_for_dns_query": null,
            "netmask": "255.255.255.0",
            "ontapi": null,
            "password": "VALUE_SPECIFIED_IN_NO_LOG_PARAMETER",
            "probe_port": null,
            "protocols": null,
            "role": "intercluster",
            "service_policy": null,
            "state": "present",
            "subnet_name": null,
            "use_rest": "auto",
            "username": "admin",
            "validate_certs": false,
            "vserver": "cluster2"
        }
    },
    "msg": "Error creating interface peer-lif-n1: calling: network/ip/interfaces: got {'message': '\"cluster2-01\" is an invalid value for field \"location.home_port.node.name\".', 'code': '53281680'}."
}
2025-11-25 15:29:06,745 p=6488 u=root n=ansible | PLAY RECAP ********************************************************************************************
2025-11-25 15:29:06,745 p=6488 u=root n=ansible | localhost                  : ok=1    changed=1    unreachable=0    failed=1    skipped=0    rescued=0    ignored=0   
2025-11-25 15:29:39,369 p=6526 u=root n=ansible | ansible-playbook [core 2.15.13]
  config file = /root/ansible-workshop/ansible.cfg
  configured module search path = ['/root/.ansible/plugins/modules', '/usr/share/ansible/plugins/modules']
  ansible python module location = /usr/local/lib/python3.9/site-packages/ansible
  ansible collection location = /root/.ansible/collections:/usr/share/ansible/collections
  executable location = /usr/local/bin/ansible-playbook
  python version = 3.9.18 (main, Jan 24 2024, 00:00:00) [GCC 11.4.1 20231218 (Red Hat 11.4.1-3)] (/usr/bin/python3)
  jinja version = 3.1.6
  libyaml = True
2025-11-25 15:29:39,369 p=6526 u=root n=ansible | Using /root/ansible-workshop/ansible.cfg as config file
2025-11-25 15:29:39,446 p=6526 u=root n=ansible | host_list declined parsing /root/ansible-workshop/hosts as it did not pass its verify_file() method
2025-11-25 15:29:39,446 p=6526 u=root n=ansible | script declined parsing /root/ansible-workshop/hosts as it did not pass its verify_file() method
2025-11-25 15:29:39,446 p=6526 u=root n=ansible | auto declined parsing /root/ansible-workshop/hosts as it did not pass its verify_file() method
2025-11-25 15:29:39,448 p=6526 u=root n=ansible | Parsed /root/ansible-workshop/hosts inventory source with ini plugin
2025-11-25 15:29:39,491 p=6526 u=root n=ansible | redirecting (type: modules) ansible.builtin.na_ontap_interface to netapp.ontap.na_ontap_interface
2025-11-25 15:29:39,493 p=6526 u=root n=ansible | redirecting (type: modules) ansible.builtin.na_ontap_interface to netapp.ontap.na_ontap_interface
2025-11-25 15:29:39,500 p=6526 u=root n=ansible | Skipping callback 'default', as we already have a stdout callback.
2025-11-25 15:29:39,500 p=6526 u=root n=ansible | Skipping callback 'minimal', as we already have a stdout callback.
2025-11-25 15:29:39,500 p=6526 u=root n=ansible | Skipping callback 'oneline', as we already have a stdout callback.
2025-11-25 15:29:39,500 p=6526 u=root n=ansible | PLAYBOOK: 4-create-peer-lifs.yml **********************************************************************
2025-11-25 15:29:39,500 p=6526 u=root n=ansible | 1 plays in 4-create-peer-lifs.yml
2025-11-25 15:29:39,501 p=6526 u=root n=ansible | PLAY [Create Cluster Peer Lifs] ***********************************************************************
2025-11-25 15:29:39,511 p=6526 u=root n=ansible | redirecting (type: modules) ansible.builtin.na_ontap_interface to netapp.ontap.na_ontap_interface
2025-11-25 15:29:39,512 p=6526 u=root n=ansible | <127.0.0.1> ESTABLISH LOCAL CONNECTION FOR USER: root
2025-11-25 15:29:39,512 p=6526 u=root n=ansible | <127.0.0.1> EXEC /bin/sh -c 'echo ~root && sleep 0'
2025-11-25 15:29:39,516 p=6526 u=root n=ansible | <127.0.0.1> EXEC /bin/sh -c '( umask 77 && mkdir -p "` echo /root/.ansible/tmp `"&& mkdir "` echo /root/.ansible/tmp/ansible-tmp-1764102579.5158722-6530-107146500578999 `" && echo ansible-tmp-1764102579.5158722-6530-107146500578999="` echo /root/.ansible/tmp/ansible-tmp-1764102579.5158722-6530-107146500578999 `" ) && sleep 0'
2025-11-25 15:29:39,521 p=6526 u=root n=ansible | redirecting (type: modules) ansible.builtin.na_ontap_interface to netapp.ontap.na_ontap_interface
2025-11-25 15:29:39,605 p=6526 u=root n=ansible | Using module file /usr/local/lib/python3.9/site-packages/ansible_collections/netapp/ontap/plugins/modules/na_ontap_interface.py
2025-11-25 15:29:39,605 p=6526 u=root n=ansible | <127.0.0.1> PUT /root/.ansible/tmp/ansible-local-65266kud98sb/tmp6lnforkg TO /root/.ansible/tmp/ansible-tmp-1764102579.5158722-6530-107146500578999/AnsiballZ_na_ontap_interface.py
2025-11-25 15:29:39,606 p=6526 u=root n=ansible | <127.0.0.1> EXEC /bin/sh -c 'chmod u+x /root/.ansible/tmp/ansible-tmp-1764102579.5158722-6530-107146500578999/ /root/.ansible/tmp/ansible-tmp-1764102579.5158722-6530-107146500578999/AnsiballZ_na_ontap_interface.py && sleep 0'
2025-11-25 15:29:39,610 p=6526 u=root n=ansible | <127.0.0.1> EXEC /bin/sh -c '/usr/bin/python3 /root/.ansible/tmp/ansible-tmp-1764102579.5158722-6530-107146500578999/AnsiballZ_na_ontap_interface.py && sleep 0'
2025-11-25 15:29:39,821 p=6526 u=root n=ansible | <127.0.0.1> EXEC /bin/sh -c 'rm -f -r /root/.ansible/tmp/ansible-tmp-1764102579.5158722-6530-107146500578999/ > /dev/null 2>&1 && sleep 0'
2025-11-25 15:29:39,826 p=6526 u=root n=ansible | TASK [Create interface n1 cluster3] *******************************************************************
2025-11-25 15:29:39,826 p=6526 u=root n=ansible | [WARNING]: Ignoring vserver with REST for non data SVM.

2025-11-25 15:29:39,826 p=6526 u=root n=ansible | ok: [localhost] => {
    "changed": false,
    "invocation": {
        "module_args": {
            "address": "192.168.4.120",
            "admin_status": null,
            "broadcast_domain": null,
            "cert_filepath": null,
            "current_node": null,
            "current_port": null,
            "data_protocol": null,
            "dns_domain_name": null,
            "fail_if_subnet_conflicts": null,
            "failover_group": null,
            "failover_policy": null,
            "failover_scope": null,
            "feature_flags": null,
            "firewall_policy": null,
            "force_ontap_version": null,
            "force_subnet_association": null,
            "from_name": null,
            "home_node": "cluster3-01",
            "home_port": "e0c",
            "hostname": "192.168.4.200",
            "http_port": null,
            "https": true,
            "ignore_zapi_options": [
                "force_subnet_association"
            ],
            "interface_name": "peer-lif-n1",
            "interface_type": null,
            "ipspace": "Default",
            "is_auto_revert": null,
            "is_dns_update_enabled": null,
            "is_ipv4_link_local": null,
            "key_filepath": null,
            "listen_for_dns_query": null,
            "netmask": "255.255.255.0",
            "ontapi": null,
            "password": "VALUE_SPECIFIED_IN_NO_LOG_PARAMETER",
            "probe_port": null,
            "protocols": null,
            "role": "intercluster",
            "service_policy": null,
            "state": "absent",
            "subnet_name": null,
            "use_rest": "auto",
            "username": "admin",
            "validate_certs": false,
            "vserver": "cluster3"
        }
    }
}
2025-11-25 15:29:39,833 p=6526 u=root n=ansible | redirecting (type: modules) ansible.builtin.na_ontap_interface to netapp.ontap.na_ontap_interface
2025-11-25 15:29:39,834 p=6526 u=root n=ansible | <127.0.0.1> ESTABLISH LOCAL CONNECTION FOR USER: root
2025-11-25 15:29:39,835 p=6526 u=root n=ansible | <127.0.0.1> EXEC /bin/sh -c 'echo ~root && sleep 0'
2025-11-25 15:29:39,837 p=6526 u=root n=ansible | <127.0.0.1> EXEC /bin/sh -c '( umask 77 && mkdir -p "` echo /root/.ansible/tmp `"&& mkdir "` echo /root/.ansible/tmp/ansible-tmp-1764102579.8375363-6546-248905339054392 `" && echo ansible-tmp-1764102579.8375363-6546-248905339054392="` echo /root/.ansible/tmp/ansible-tmp-1764102579.8375363-6546-248905339054392 `" ) && sleep 0'
2025-11-25 15:29:39,842 p=6526 u=root n=ansible | redirecting (type: modules) ansible.builtin.na_ontap_interface to netapp.ontap.na_ontap_interface
2025-11-25 15:29:39,843 p=6526 u=root n=ansible | Using module file /usr/local/lib/python3.9/site-packages/ansible_collections/netapp/ontap/plugins/modules/na_ontap_interface.py
2025-11-25 15:29:39,844 p=6526 u=root n=ansible | <127.0.0.1> PUT /root/.ansible/tmp/ansible-local-65266kud98sb/tmp93ejuxvk TO /root/.ansible/tmp/ansible-tmp-1764102579.8375363-6546-248905339054392/AnsiballZ_na_ontap_interface.py
2025-11-25 15:29:39,844 p=6526 u=root n=ansible | <127.0.0.1> EXEC /bin/sh -c 'chmod u+x /root/.ansible/tmp/ansible-tmp-1764102579.8375363-6546-248905339054392/ /root/.ansible/tmp/ansible-tmp-1764102579.8375363-6546-248905339054392/AnsiballZ_na_ontap_interface.py && sleep 0'
2025-11-25 15:29:39,848 p=6526 u=root n=ansible | <127.0.0.1> EXEC /bin/sh -c '/usr/bin/python3 /root/.ansible/tmp/ansible-tmp-1764102579.8375363-6546-248905339054392/AnsiballZ_na_ontap_interface.py && sleep 0'
2025-11-25 15:29:40,058 p=6526 u=root n=ansible | <127.0.0.1> EXEC /bin/sh -c 'rm -f -r /root/.ansible/tmp/ansible-tmp-1764102579.8375363-6546-248905339054392/ > /dev/null 2>&1 && sleep 0'
2025-11-25 15:29:40,062 p=6526 u=root n=ansible | TASK [Create interface n1 cluster2] *******************************************************************
2025-11-25 15:29:40,063 p=6526 u=root n=ansible | ok: [localhost] => {
    "changed": false,
    "invocation": {
        "module_args": {
            "address": "192.168.4.120",
            "admin_status": null,
            "broadcast_domain": null,
            "cert_filepath": null,
            "current_node": null,
            "current_port": null,
            "data_protocol": null,
            "dns_domain_name": null,
            "fail_if_subnet_conflicts": null,
            "failover_group": null,
            "failover_policy": null,
            "failover_scope": null,
            "feature_flags": null,
            "firewall_policy": null,
            "force_ontap_version": null,
            "force_subnet_association": null,
            "from_name": null,
            "home_node": "cluster2-01",
            "home_port": "e0c",
            "hostname": "192.168.4.200",
            "http_port": null,
            "https": true,
            "ignore_zapi_options": [
                "force_subnet_association"
            ],
            "interface_name": "peer-lif-n1",
            "interface_type": null,
            "ipspace": "Default",
            "is_auto_revert": null,
            "is_dns_update_enabled": null,
            "is_ipv4_link_local": null,
            "key_filepath": null,
            "listen_for_dns_query": null,
            "netmask": "255.255.255.0",
            "ontapi": null,
            "password": "VALUE_SPECIFIED_IN_NO_LOG_PARAMETER",
            "probe_port": null,
            "protocols": null,
            "role": "intercluster",
            "service_policy": null,
            "state": "absent",
            "subnet_name": null,
            "use_rest": "auto",
            "username": "admin",
            "validate_certs": false,
            "vserver": "cluster2"
        }
    }
}
2025-11-25 15:29:40,067 p=6526 u=root n=ansible | PLAY RECAP ********************************************************************************************
2025-11-25 15:29:40,067 p=6526 u=root n=ansible | localhost                  : ok=2    changed=0    unreachable=0    failed=0    skipped=0    rescued=0    ignored=0   
2025-11-25 15:31:01,514 p=6565 u=root n=ansible | ansible-playbook [core 2.15.13]
  config file = /root/ansible-workshop/ansible.cfg
  configured module search path = ['/root/.ansible/plugins/modules', '/usr/share/ansible/plugins/modules']
  ansible python module location = /usr/local/lib/python3.9/site-packages/ansible
  ansible collection location = /root/.ansible/collections:/usr/share/ansible/collections
  executable location = /usr/local/bin/ansible-playbook
  python version = 3.9.18 (main, Jan 24 2024, 00:00:00) [GCC 11.4.1 20231218 (Red Hat 11.4.1-3)] (/usr/bin/python3)
  jinja version = 3.1.6
  libyaml = True
2025-11-25 15:31:01,514 p=6565 u=root n=ansible | Using /root/ansible-workshop/ansible.cfg as config file
2025-11-25 15:31:01,592 p=6565 u=root n=ansible | host_list declined parsing /root/ansible-workshop/hosts as it did not pass its verify_file() method
2025-11-25 15:31:01,592 p=6565 u=root n=ansible | script declined parsing /root/ansible-workshop/hosts as it did not pass its verify_file() method
2025-11-25 15:31:01,592 p=6565 u=root n=ansible | auto declined parsing /root/ansible-workshop/hosts as it did not pass its verify_file() method
2025-11-25 15:31:01,593 p=6565 u=root n=ansible | Parsed /root/ansible-workshop/hosts inventory source with ini plugin
2025-11-25 15:31:01,637 p=6565 u=root n=ansible | redirecting (type: modules) ansible.builtin.na_ontap_interface to netapp.ontap.na_ontap_interface
2025-11-25 15:31:01,639 p=6565 u=root n=ansible | redirecting (type: modules) ansible.builtin.na_ontap_interface to netapp.ontap.na_ontap_interface
2025-11-25 15:31:01,645 p=6565 u=root n=ansible | Skipping callback 'default', as we already have a stdout callback.
2025-11-25 15:31:01,646 p=6565 u=root n=ansible | Skipping callback 'minimal', as we already have a stdout callback.
2025-11-25 15:31:01,646 p=6565 u=root n=ansible | Skipping callback 'oneline', as we already have a stdout callback.
2025-11-25 15:31:01,646 p=6565 u=root n=ansible | PLAYBOOK: 4-create-peer-lifs.yml **********************************************************************
2025-11-25 15:31:01,646 p=6565 u=root n=ansible | 1 plays in 4-create-peer-lifs.yml
2025-11-25 15:31:01,646 p=6565 u=root n=ansible | PLAY [Create Cluster Peer Lifs] ***********************************************************************
2025-11-25 15:31:01,657 p=6565 u=root n=ansible | redirecting (type: modules) ansible.builtin.na_ontap_interface to netapp.ontap.na_ontap_interface
2025-11-25 15:31:01,658 p=6565 u=root n=ansible | <127.0.0.1> ESTABLISH LOCAL CONNECTION FOR USER: root
2025-11-25 15:31:01,658 p=6565 u=root n=ansible | <127.0.0.1> EXEC /bin/sh -c 'echo ~root && sleep 0'
2025-11-25 15:31:01,662 p=6565 u=root n=ansible | <127.0.0.1> EXEC /bin/sh -c '( umask 77 && mkdir -p "` echo /root/.ansible/tmp `"&& mkdir "` echo /root/.ansible/tmp/ansible-tmp-1764102661.6619074-6569-197625098346345 `" && echo ansible-tmp-1764102661.6619074-6569-197625098346345="` echo /root/.ansible/tmp/ansible-tmp-1764102661.6619074-6569-197625098346345 `" ) && sleep 0'
2025-11-25 15:31:01,667 p=6565 u=root n=ansible | redirecting (type: modules) ansible.builtin.na_ontap_interface to netapp.ontap.na_ontap_interface
2025-11-25 15:31:01,754 p=6565 u=root n=ansible | Using module file /usr/local/lib/python3.9/site-packages/ansible_collections/netapp/ontap/plugins/modules/na_ontap_interface.py
2025-11-25 15:31:01,755 p=6565 u=root n=ansible | <127.0.0.1> PUT /root/.ansible/tmp/ansible-local-6565p9wzruh2/tmp7sq95j_6 TO /root/.ansible/tmp/ansible-tmp-1764102661.6619074-6569-197625098346345/AnsiballZ_na_ontap_interface.py
2025-11-25 15:31:01,755 p=6565 u=root n=ansible | <127.0.0.1> EXEC /bin/sh -c 'chmod u+x /root/.ansible/tmp/ansible-tmp-1764102661.6619074-6569-197625098346345/ /root/.ansible/tmp/ansible-tmp-1764102661.6619074-6569-197625098346345/AnsiballZ_na_ontap_interface.py && sleep 0'
2025-11-25 15:31:01,759 p=6565 u=root n=ansible | <127.0.0.1> EXEC /bin/sh -c '/usr/bin/python3 /root/.ansible/tmp/ansible-tmp-1764102661.6619074-6569-197625098346345/AnsiballZ_na_ontap_interface.py && sleep 0'
2025-11-25 15:31:02,058 p=6565 u=root n=ansible | <127.0.0.1> EXEC /bin/sh -c 'rm -f -r /root/.ansible/tmp/ansible-tmp-1764102661.6619074-6569-197625098346345/ > /dev/null 2>&1 && sleep 0'
2025-11-25 15:31:02,064 p=6565 u=root n=ansible | TASK [Create interface n1 cluster3] *******************************************************************
2025-11-25 15:31:02,065 p=6565 u=root n=ansible | [WARNING]: Ignoring vserver with REST for non data SVM.

2025-11-25 15:31:02,065 p=6565 u=root n=ansible | changed: [localhost] => {
    "actions": "create",
    "changed": true,
    "invocation": {
        "module_args": {
            "address": "192.168.4.120",
            "admin_status": null,
            "broadcast_domain": null,
            "cert_filepath": null,
            "current_node": null,
            "current_port": null,
            "data_protocol": null,
            "dns_domain_name": null,
            "fail_if_subnet_conflicts": null,
            "failover_group": null,
            "failover_policy": null,
            "failover_scope": null,
            "feature_flags": null,
            "firewall_policy": null,
            "force_ontap_version": null,
            "force_subnet_association": null,
            "from_name": null,
            "home_node": "cluster3-01",
            "home_port": "e0c",
            "hostname": "192.168.4.200",
            "http_port": null,
            "https": true,
            "ignore_zapi_options": [
                "force_subnet_association"
            ],
            "interface_name": "peer-lif-cl1-n1",
            "interface_type": null,
            "ipspace": "Default",
            "is_auto_revert": null,
            "is_dns_update_enabled": null,
            "is_ipv4_link_local": null,
            "key_filepath": null,
            "listen_for_dns_query": null,
            "netmask": "255.255.255.0",
            "ontapi": null,
            "password": "VALUE_SPECIFIED_IN_NO_LOG_PARAMETER",
            "probe_port": null,
            "protocols": null,
            "role": "intercluster",
            "service_policy": null,
            "state": "present",
            "subnet_name": null,
            "use_rest": "auto",
            "username": "admin",
            "validate_certs": false,
            "vserver": "cluster3"
        }
    }
}
2025-11-25 15:31:02,071 p=6565 u=root n=ansible | redirecting (type: modules) ansible.builtin.na_ontap_interface to netapp.ontap.na_ontap_interface
2025-11-25 15:31:02,072 p=6565 u=root n=ansible | <127.0.0.1> ESTABLISH LOCAL CONNECTION FOR USER: root
2025-11-25 15:31:02,073 p=6565 u=root n=ansible | <127.0.0.1> EXEC /bin/sh -c 'echo ~root && sleep 0'
2025-11-25 15:31:02,076 p=6565 u=root n=ansible | <127.0.0.1> EXEC /bin/sh -c '( umask 77 && mkdir -p "` echo /root/.ansible/tmp `"&& mkdir "` echo /root/.ansible/tmp/ansible-tmp-1764102662.076129-6585-26378598811017 `" && echo ansible-tmp-1764102662.076129-6585-26378598811017="` echo /root/.ansible/tmp/ansible-tmp-1764102662.076129-6585-26378598811017 `" ) && sleep 0'
2025-11-25 15:31:02,081 p=6565 u=root n=ansible | redirecting (type: modules) ansible.builtin.na_ontap_interface to netapp.ontap.na_ontap_interface
2025-11-25 15:31:02,082 p=6565 u=root n=ansible | Using module file /usr/local/lib/python3.9/site-packages/ansible_collections/netapp/ontap/plugins/modules/na_ontap_interface.py
2025-11-25 15:31:02,083 p=6565 u=root n=ansible | <127.0.0.1> PUT /root/.ansible/tmp/ansible-local-6565p9wzruh2/tmpims9l1u_ TO /root/.ansible/tmp/ansible-tmp-1764102662.076129-6585-26378598811017/AnsiballZ_na_ontap_interface.py
2025-11-25 15:31:02,083 p=6565 u=root n=ansible | <127.0.0.1> EXEC /bin/sh -c 'chmod u+x /root/.ansible/tmp/ansible-tmp-1764102662.076129-6585-26378598811017/ /root/.ansible/tmp/ansible-tmp-1764102662.076129-6585-26378598811017/AnsiballZ_na_ontap_interface.py && sleep 0'
2025-11-25 15:31:02,086 p=6565 u=root n=ansible | <127.0.0.1> EXEC /bin/sh -c '/usr/bin/python3 /root/.ansible/tmp/ansible-tmp-1764102662.076129-6585-26378598811017/AnsiballZ_na_ontap_interface.py && sleep 0'
2025-11-25 15:31:02,333 p=6565 u=root n=ansible | <127.0.0.1> EXEC /bin/sh -c 'rm -f -r /root/.ansible/tmp/ansible-tmp-1764102662.076129-6585-26378598811017/ > /dev/null 2>&1 && sleep 0'
2025-11-25 15:31:02,337 p=6565 u=root n=ansible | TASK [Create interface n1 cluster2] *******************************************************************
2025-11-25 15:31:02,338 p=6565 u=root n=ansible | The full traceback is:
NoneType: None

2025-11-25 15:31:02,338 p=6565 u=root n=ansible | fatal: [localhost]: FAILED! => {
    "changed": false,
    "invocation": {
        "module_args": {
            "address": "192.168.4.120",
            "admin_status": null,
            "broadcast_domain": null,
            "cert_filepath": null,
            "current_node": null,
            "current_port": null,
            "data_protocol": null,
            "dns_domain_name": null,
            "fail_if_subnet_conflicts": null,
            "failover_group": null,
            "failover_policy": null,
            "failover_scope": null,
            "feature_flags": null,
            "firewall_policy": null,
            "force_ontap_version": null,
            "force_subnet_association": null,
            "from_name": null,
            "home_node": "cluster2-01",
            "home_port": "e0c",
            "hostname": "192.168.4.200",
            "http_port": null,
            "https": true,
            "ignore_zapi_options": [
                "force_subnet_association"
            ],
            "interface_name": "peer-lif-cl2-n1",
            "interface_type": null,
            "ipspace": "Default",
            "is_auto_revert": null,
            "is_dns_update_enabled": null,
            "is_ipv4_link_local": null,
            "key_filepath": null,
            "listen_for_dns_query": null,
            "netmask": "255.255.255.0",
            "ontapi": null,
            "password": "VALUE_SPECIFIED_IN_NO_LOG_PARAMETER",
            "probe_port": null,
            "protocols": null,
            "role": "intercluster",
            "service_policy": null,
            "state": "present",
            "subnet_name": null,
            "use_rest": "auto",
            "username": "admin",
            "validate_certs": false,
            "vserver": "cluster2"
        }
    },
    "msg": "Error creating interface peer-lif-cl2-n1: calling: network/ip/interfaces: got {'message': '\"cluster2-01\" is an invalid value for field \"location.home_port.node.name\".', 'code': '53281680'}."
}
2025-11-25 15:31:02,339 p=6565 u=root n=ansible | PLAY RECAP ********************************************************************************************
2025-11-25 15:31:02,339 p=6565 u=root n=ansible | localhost                  : ok=1    changed=1    unreachable=0    failed=1    skipped=0    rescued=0    ignored=0   
2025-11-25 15:31:28,407 p=6602 u=root n=ansible | PLAY [Create Cluster Peer Lifs] ***********************************************************************
2025-11-25 15:31:28,731 p=6602 u=root n=ansible | TASK [Create interface n1 cluster3] *******************************************************************
2025-11-25 15:31:28,731 p=6602 u=root n=ansible | [WARNING]: Ignoring vserver with REST for non data SVM.

2025-11-25 15:31:28,731 p=6602 u=root n=ansible | ok: [localhost]
2025-11-25 15:31:28,996 p=6602 u=root n=ansible | TASK [Create interface n1 cluster2] *******************************************************************
2025-11-25 15:31:28,996 p=6602 u=root n=ansible | An exception occurred during task execution. To see the full traceback, use -vvv. The error was: NoneType: None
2025-11-25 15:31:28,996 p=6602 u=root n=ansible | fatal: [localhost]: FAILED! => {"changed": false, "msg": "Error creating interface peer-lif-cl2-n1: calling: network/ip/interfaces: got {'message': '\"cluster2-01\" is an invalid value for field \"location.home_port.node.name\".', 'code': '53281680'}."}
2025-11-25 15:31:28,997 p=6602 u=root n=ansible | PLAY RECAP ********************************************************************************************
2025-11-25 15:31:28,997 p=6602 u=root n=ansible | localhost                  : ok=1    changed=0    unreachable=0    failed=1    skipped=0    rescued=0    ignored=0   
2025-11-25 15:32:52,865 p=6641 u=root n=ansible | PLAY [Create Cluster Peer Lifs] ****************************************************************************************
2025-11-25 15:32:53,195 p=6641 u=root n=ansible | TASK [Create interface n1 cluster3] ************************************************************************************
2025-11-25 15:32:53,195 p=6641 u=root n=ansible | [WARNING]: Ignoring vserver with REST for non data SVM.

2025-11-25 15:32:53,195 p=6641 u=root n=ansible | ok: [localhost]
2025-11-25 15:32:53,461 p=6641 u=root n=ansible | TASK [Create interface n1 cluster2] ************************************************************************************
2025-11-25 15:32:53,462 p=6641 u=root n=ansible | An exception occurred during task execution. To see the full traceback, use -vvv. The error was: NoneType: None
2025-11-25 15:32:53,462 p=6641 u=root n=ansible | fatal: [localhost]: FAILED! => {"changed": false, "msg": "Error creating interface peer-lif-cl2-n1: calling: network/ip/interfaces: got {'message': '\"cluster2-01\" is an invalid value for field \"location.home_port.node.name\".', 'code': '53281680'}."}
2025-11-25 15:32:53,462 p=6641 u=root n=ansible | PLAY RECAP *************************************************************************************************************
2025-11-25 15:32:53,462 p=6641 u=root n=ansible | localhost                  : ok=1    changed=0    unreachable=0    failed=1    skipped=0    rescued=0    ignored=0   
2025-11-25 15:38:28,305 p=6682 u=root n=ansible | PLAY [Create Cluster Peer Lifs] ****************************************************************************************
2025-11-25 15:38:28,638 p=6682 u=root n=ansible | TASK [Create interface n1 cluster3] ************************************************************************************
2025-11-25 15:38:28,639 p=6682 u=root n=ansible | [WARNING]: Ignoring vserver with REST for non data SVM.

2025-11-25 15:38:28,639 p=6682 u=root n=ansible | ok: [localhost]
2025-11-25 15:38:29,214 p=6682 u=root n=ansible | TASK [Create interface n1 cluster2] ************************************************************************************
2025-11-25 15:38:29,214 p=6682 u=root n=ansible | changed: [localhost]
2025-11-25 15:38:29,219 p=6682 u=root n=ansible | PLAY RECAP *************************************************************************************************************
2025-11-25 15:38:29,219 p=6682 u=root n=ansible | localhost                  : ok=2    changed=1    unreachable=0    failed=0    skipped=0    rescued=0    ignored=0   
2025-11-26 03:21:49,478 p=7265 u=root n=ansible | PLAY [Create Cluster Peer Lifs] ****************************************************************************************
2025-11-26 03:21:49,889 p=7265 u=root n=ansible | TASK [Create interface n1 cluster3] ************************************************************************************
2025-11-26 03:21:49,890 p=7265 u=root n=ansible | [WARNING]: Ignoring vserver with REST for non data SVM.

2025-11-26 03:21:49,890 p=7265 u=root n=ansible | ok: [localhost]
2025-11-26 03:21:50,927 p=7265 u=root n=ansible | TASK [Create interface n1 cluster2] ************************************************************************************
2025-11-26 03:21:50,928 p=7265 u=root n=ansible | changed: [localhost]
2025-11-26 03:21:50,933 p=7265 u=root n=ansible | PLAY RECAP *************************************************************************************************************
2025-11-26 03:21:50,933 p=7265 u=root n=ansible | localhost                  : ok=2    changed=1    unreachable=0    failed=0    skipped=0    rescued=0    ignored=0   
2025-11-26 03:23:52,861 p=7304 u=root n=ansible | PLAY [NetApp Cluster1 System Setup] ************************************************************************************
2025-11-26 03:23:53,206 p=7304 u=root n=ansible | TASK [Create and Online New Data Aggregate Node1] **********************************************************************
2025-11-26 03:23:53,206 p=7304 u=root n=ansible | ok: [localhost] => (item={'name': 'aggr1_cluster3_01_data', 'node': 'cluster3-01', 'diskcount': 13})
2025-11-26 03:23:54,482 p=7304 u=root n=ansible | TASK [Create Vserver] **************************************************************************************************
2025-11-26 03:23:54,482 p=7304 u=root n=ansible | ok: [localhost] => (item={'name': 'svm1', 'rootvol': 'svm1_root', 'rootaggr': 'aggr1_cluster3_01_data', 'aggr_list': 'aggr1_cluster3_01_data', 'allowed_protocols': 'nfs', 'dns_servers': '192.168.4.169', 'domain': 'demo.netapp.com'})
2025-11-26 03:23:55,554 p=7304 u=root n=ansible | TASK [Create NFS LIF Node1] ********************************************************************************************
2025-11-26 03:23:55,554 p=7304 u=root n=ansible | changed: [localhost] => (item={'name': 'nfs_lif01', 'ip_addr': '192.168.4.134', 'netmask': '255.255.255.0', 'node': 'cluster3-01', 'vserver': 'svm1', 'home': 'e0c'})
2025-11-26 03:23:55,858 p=7304 u=root n=ansible | TASK [Start NFS] *******************************************************************************************************
2025-11-26 03:23:55,858 p=7304 u=root n=ansible | ok: [localhost] => (item={'name': 'svm1', 'rootvol': 'svm1_root', 'rootaggr': 'aggr1_cluster3_01_data', 'aggr_list': 'aggr1_cluster3_01_data', 'allowed_protocols': 'nfs', 'dns_servers': '192.168.4.169', 'domain': 'demo.netapp.com'})
2025-11-26 03:23:56,201 p=7304 u=root n=ansible | TASK [Add NFS Export Rule Under Default Policy] ************************************************************************
2025-11-26 03:23:56,201 p=7304 u=root n=ansible | ok: [localhost] => (item={'name': 'svm1', 'rootvol': 'svm1_root', 'rootaggr': 'aggr1_cluster3_01_data', 'aggr_list': 'aggr1_cluster3_01_data', 'allowed_protocols': 'nfs', 'dns_servers': '192.168.4.169', 'domain': 'demo.netapp.com'})
2025-11-26 03:23:56,506 p=7304 u=root n=ansible | TASK [Add DNS Settings to svm] *****************************************************************************************
2025-11-26 03:23:56,507 p=7304 u=root n=ansible | ok: [localhost] => (item={'name': 'svm1', 'rootvol': 'svm1_root', 'rootaggr': 'aggr1_cluster3_01_data', 'aggr_list': 'aggr1_cluster3_01_data', 'allowed_protocols': 'nfs', 'dns_servers': '192.168.4.169', 'domain': 'demo.netapp.com'})
2025-11-26 03:23:57,652 p=7304 u=root n=ansible | TASK [Create Volumes] **************************************************************************************************
2025-11-26 03:23:57,652 p=7304 u=root n=ansible | ok: [localhost] => (item={'name': 'vol1', 'size': 1, 'aggr': 'aggr1_cluster3_01_data', 'vserver': 'svm1', 'security_style': 'unix'})
2025-11-26 03:23:57,900 p=7304 u=root n=ansible | ok: [localhost] => (item={'name': 'vol2', 'size': 2, 'aggr': 'aggr1_cluster3_01_data', 'vserver': 'svm1', 'security_style': 'unix'})
2025-11-26 03:23:58,149 p=7304 u=root n=ansible | ok: [localhost] => (item={'name': 'vol3', 'size': 3, 'aggr': 'aggr1_cluster3_01_data', 'vserver': 'svm1', 'security_style': 'unix'})
2025-11-26 03:23:58,159 p=7304 u=root n=ansible | PLAY RECAP *************************************************************************************************************
2025-11-26 03:23:58,159 p=7304 u=root n=ansible | localhost                  : ok=7    changed=1    unreachable=0    failed=0    skipped=0    rescued=0    ignored=0   
2025-11-26 03:30:20,703 p=7459 u=root n=ansible | PLAY [Snapmirror Create] ***********************************************************************************************
2025-11-26 03:30:22,067 p=7459 u=root n=ansible | TASK [Create cluster peer] *********************************************************************************************
2025-11-26 03:30:22,067 p=7459 u=root n=ansible | changed: [localhost]
2025-11-26 03:30:42,260 p=7459 u=root n=ansible | TASK [sleep for 20 seconds and continue with play] *********************************************************************
2025-11-26 03:30:42,260 p=7459 u=root n=ansible | ok: [localhost]
2025-11-26 03:30:44,321 p=7459 u=root n=ansible | TASK [Source vserver peer create] **************************************************************************************
2025-11-26 03:30:44,321 p=7459 u=root n=ansible | changed: [localhost]
2025-11-26 03:31:04,451 p=7459 u=root n=ansible | TASK [sleep for 20 seconds and continue with play] *********************************************************************
2025-11-26 03:31:04,452 p=7459 u=root n=ansible | ok: [localhost]
2025-11-26 03:31:06,472 p=7459 u=root n=ansible | TASK [Validate destination FlexVol] ************************************************************************************
2025-11-26 03:31:06,472 p=7459 u=root n=ansible | changed: [localhost]
2025-11-26 03:31:37,497 p=7459 u=root n=ansible | TASK [Create SnapMirror] ***********************************************************************************************
2025-11-26 03:31:37,497 p=7459 u=root n=ansible | [WARNING]: option: source_volume is deprecated, please use source_endpoint:path

2025-11-26 03:31:37,497 p=7459 u=root n=ansible | [WARNING]: option: source_vserver is deprecated, please use source_endpoint:path (or svm)

2025-11-26 03:31:37,497 p=7459 u=root n=ansible | [WARNING]: option: destination_volume is deprecated, please use destination_endpoint:path

2025-11-26 03:31:37,497 p=7459 u=root n=ansible | [WARNING]: option: destination_vserver is deprecated, please use destination_endpoint:path (or svm)

2025-11-26 03:31:37,497 p=7459 u=root n=ansible | changed: [localhost]
2025-11-26 03:31:37,502 p=7459 u=root n=ansible | PLAY RECAP *************************************************************************************************************
2025-11-26 03:31:37,502 p=7459 u=root n=ansible | localhost                  : ok=6    changed=4    unreachable=0    failed=0    skipped=0    rescued=0    ignored=0   
2025-11-26 03:40:35,326 p=7580 u=root n=ansible | PLAY [Snapmirror Create] ***********************************************************************************************
2025-11-26 03:40:35,722 p=7580 u=root n=ansible | TASK [Create cluster peer] *********************************************************************************************
2025-11-26 03:40:35,723 p=7580 u=root n=ansible | ok: [localhost]
2025-11-26 03:40:55,897 p=7580 u=root n=ansible | TASK [sleep for 20 seconds and continue with play] *********************************************************************
2025-11-26 03:40:55,897 p=7580 u=root n=ansible | ok: [localhost]
2025-11-26 03:40:56,223 p=7580 u=root n=ansible | TASK [Source vserver peer create] **************************************************************************************
2025-11-26 03:40:56,223 p=7580 u=root n=ansible | ok: [localhost]
2025-11-26 03:41:16,335 p=7580 u=root n=ansible | TASK [sleep for 20 seconds and continue with play] *********************************************************************
2025-11-26 03:41:16,336 p=7580 u=root n=ansible | ok: [localhost]
2025-11-26 03:41:16,712 p=7580 u=root n=ansible | TASK [Validate destination FlexVol] ************************************************************************************
2025-11-26 03:41:16,713 p=7580 u=root n=ansible | ok: [localhost]
2025-11-26 03:41:17,362 p=7580 u=root n=ansible | TASK [Create SnapMirror] ***********************************************************************************************
2025-11-26 03:41:17,362 p=7580 u=root n=ansible | [WARNING]: option: source_volume is deprecated, please use source_endpoint:path

2025-11-26 03:41:17,362 p=7580 u=root n=ansible | [WARNING]: option: source_vserver is deprecated, please use source_endpoint:path (or svm)

2025-11-26 03:41:17,362 p=7580 u=root n=ansible | [WARNING]: option: destination_volume is deprecated, please use destination_endpoint:path

2025-11-26 03:41:17,362 p=7580 u=root n=ansible | [WARNING]: option: destination_vserver is deprecated, please use destination_endpoint:path (or svm)

2025-11-26 03:41:17,362 p=7580 u=root n=ansible | changed: [localhost]
2025-11-26 03:41:17,367 p=7580 u=root n=ansible | PLAY RECAP *************************************************************************************************************
2025-11-26 03:41:17,367 p=7580 u=root n=ansible | localhost                  : ok=6    changed=1    unreachable=0    failed=0    skipped=0    rescued=0    ignored=0   
2025-11-26 03:45:37,483 p=7690 u=root n=ansible | PLAY [Snapmirror Create] ***********************************************************************************************
2025-11-26 03:45:37,882 p=7690 u=root n=ansible | TASK [Create cluster peer] *********************************************************************************************
2025-11-26 03:45:37,883 p=7690 u=root n=ansible | ok: [localhost]
2025-11-26 03:45:43,346 p=7690 u=root n=ansible |  [ERROR]: User interrupted execution

2025-11-26 03:46:02,430 p=7725 u=root n=ansible | PLAY [Snapmirror Create] ***********************************************************************************************
2025-11-26 03:46:02,821 p=7725 u=root n=ansible | TASK [Create cluster peer] *********************************************************************************************
2025-11-26 03:46:02,822 p=7725 u=root n=ansible | ok: [localhost]
2025-11-26 03:46:07,998 p=7725 u=root n=ansible | TASK [sleep for 20 seconds and continue with play] *********************************************************************
2025-11-26 03:46:07,998 p=7725 u=root n=ansible | ok: [localhost]
2025-11-26 03:46:08,340 p=7725 u=root n=ansible | TASK [Source vserver peer create] **************************************************************************************
2025-11-26 03:46:08,340 p=7725 u=root n=ansible | ok: [localhost]
2025-11-26 03:46:13,454 p=7725 u=root n=ansible | TASK [sleep for 20 seconds and continue with play] *********************************************************************
2025-11-26 03:46:13,454 p=7725 u=root n=ansible | ok: [localhost]
2025-11-26 03:46:13,829 p=7725 u=root n=ansible | TASK [Validate destination FlexVol] ************************************************************************************
2025-11-26 03:46:13,829 p=7725 u=root n=ansible | ok: [localhost]
2025-11-26 03:46:14,086 p=7725 u=root n=ansible | TASK [Create SnapMirror] ***********************************************************************************************
2025-11-26 03:46:14,086 p=7725 u=root n=ansible | fatal: [localhost]: FAILED! => {"changed": false, "msg": "parameters are mutually exclusive: source_endpoint|source_vserver"}
2025-11-26 03:46:14,087 p=7725 u=root n=ansible | PLAY RECAP *************************************************************************************************************
2025-11-26 03:46:14,087 p=7725 u=root n=ansible | localhost                  : ok=5    changed=0    unreachable=0    failed=1    skipped=0    rescued=0    ignored=0   
2025-11-26 03:47:19,619 p=7828 u=root n=ansible | PLAY [Snapmirror Create] ***********************************************************************************************
2025-11-26 03:47:19,988 p=7828 u=root n=ansible | TASK [Create cluster peer] *********************************************************************************************
2025-11-26 03:47:19,988 p=7828 u=root n=ansible | ok: [localhost]
2025-11-26 03:47:25,165 p=7828 u=root n=ansible | TASK [sleep for 20 seconds and continue with play] *********************************************************************
2025-11-26 03:47:25,165 p=7828 u=root n=ansible | ok: [localhost]
2025-11-26 03:47:25,509 p=7828 u=root n=ansible | TASK [Source vserver peer create] **************************************************************************************
2025-11-26 03:47:25,509 p=7828 u=root n=ansible | ok: [localhost]
2025-11-26 03:47:30,622 p=7828 u=root n=ansible | TASK [sleep for 20 seconds and continue with play] *********************************************************************
2025-11-26 03:47:30,622 p=7828 u=root n=ansible | ok: [localhost]
2025-11-26 03:47:30,994 p=7828 u=root n=ansible | TASK [Validate destination FlexVol] ************************************************************************************
2025-11-26 03:47:30,994 p=7828 u=root n=ansible | ok: [localhost]
2025-11-26 03:47:31,249 p=7828 u=root n=ansible | TASK [Create SnapMirror] ***********************************************************************************************
2025-11-26 03:47:31,249 p=7828 u=root n=ansible | fatal: [localhost]: FAILED! => {"changed": false, "msg": "parameters are required together: source_volume, destination_volume"}
2025-11-26 03:47:31,249 p=7828 u=root n=ansible | PLAY RECAP *************************************************************************************************************
2025-11-26 03:47:31,250 p=7828 u=root n=ansible | localhost                  : ok=5    changed=0    unreachable=0    failed=1    skipped=0    rescued=0    ignored=0   
2025-11-26 03:50:26,354 p=7931 u=root n=ansible | PLAY [Snapmirror Create] ***********************************************************************************************
2025-11-26 03:50:26,788 p=7931 u=root n=ansible | TASK [Create cluster peer] *********************************************************************************************
2025-11-26 03:50:26,789 p=7931 u=root n=ansible | ok: [localhost]
2025-11-26 03:50:31,963 p=7931 u=root n=ansible | TASK [sleep for 20 seconds and continue with play] *********************************************************************
2025-11-26 03:50:31,963 p=7931 u=root n=ansible | ok: [localhost]
2025-11-26 03:50:32,307 p=7931 u=root n=ansible | TASK [Source vserver peer create] **************************************************************************************
2025-11-26 03:50:32,307 p=7931 u=root n=ansible | ok: [localhost]
2025-11-26 03:50:37,423 p=7931 u=root n=ansible | TASK [sleep for 20 seconds and continue with play] *********************************************************************
2025-11-26 03:50:37,423 p=7931 u=root n=ansible | ok: [localhost]
2025-11-26 03:50:37,801 p=7931 u=root n=ansible | TASK [Validate destination FlexVol] ************************************************************************************
2025-11-26 03:50:37,801 p=7931 u=root n=ansible | ok: [localhost]
2025-11-26 03:50:38,063 p=7931 u=root n=ansible | TASK [Create SnapMirror] ***********************************************************************************************
2025-11-26 03:50:38,063 p=7931 u=root n=ansible | fatal: [localhost]: FAILED! => {"changed": false, "msg": "parameters are mutually exclusive: source_endpoint|source_volume, source_endpoint|source_vserver, destination_endpoint|destination_volume, destination_endpoint|destination_vserver"}
2025-11-26 03:50:38,064 p=7931 u=root n=ansible | PLAY RECAP *************************************************************************************************************
2025-11-26 03:50:38,064 p=7931 u=root n=ansible | localhost                  : ok=5    changed=0    unreachable=0    failed=1    skipped=0    rescued=0    ignored=0   
2025-11-26 03:52:08,081 p=8033 u=root n=ansible | # /usr/local/lib/python3.9/site-packages/ansible_collections
Collection                    Version
----------------------------- -------

2025-11-26 03:52:08,081 p=8033 u=root n=ansible | amazon.aws                    6.5.0  
2025-11-26 03:52:08,081 p=8033 u=root n=ansible | ansible.netcommon             5.3.0  
2025-11-26 03:52:08,081 p=8033 u=root n=ansible | ansible.posix                 1.5.4  
2025-11-26 03:52:08,081 p=8033 u=root n=ansible | ansible.utils                 2.12.0 
2025-11-26 03:52:08,081 p=8033 u=root n=ansible | ansible.windows               1.14.0 
2025-11-26 03:52:08,081 p=8033 u=root n=ansible | arista.eos                    6.2.2  
2025-11-26 03:52:08,081 p=8033 u=root n=ansible | awx.awx                       22.7.0 
2025-11-26 03:52:08,081 p=8033 u=root n=ansible | azure.azcollection            1.19.0 
2025-11-26 03:52:08,081 p=8033 u=root n=ansible | check_point.mgmt              5.1.1  
2025-11-26 03:52:08,081 p=8033 u=root n=ansible | chocolatey.chocolatey         1.5.1  
2025-11-26 03:52:08,081 p=8033 u=root n=ansible | cisco.aci                     2.8.0  
2025-11-26 03:52:08,082 p=8033 u=root n=ansible | cisco.asa                     4.0.3  
2025-11-26 03:52:08,082 p=8033 u=root n=ansible | cisco.dnac                    6.9.0  
2025-11-26 03:52:08,082 p=8033 u=root n=ansible | cisco.intersight              1.0.27 
2025-11-26 03:52:08,082 p=8033 u=root n=ansible | cisco.ios                     4.6.1  
2025-11-26 03:52:08,082 p=8033 u=root n=ansible | cisco.iosxr                   5.0.3  
2025-11-26 03:52:08,082 p=8033 u=root n=ansible | cisco.ise                     2.6.2  
2025-11-26 03:52:08,082 p=8033 u=root n=ansible | cisco.meraki                  2.17.0 
2025-11-26 03:52:08,082 p=8033 u=root n=ansible | cisco.mso                     2.5.0  
2025-11-26 03:52:08,082 p=8033 u=root n=ansible | cisco.nso                     1.0.3  
2025-11-26 03:52:08,082 p=8033 u=root n=ansible | cisco.nxos                    4.4.0  
2025-11-26 03:52:08,082 p=8033 u=root n=ansible | cisco.ucs                     1.10.0 
2025-11-26 03:52:08,082 p=8033 u=root n=ansible | cloud.common                  2.1.4  
2025-11-26 03:52:08,082 p=8033 u=root n=ansible | cloudscale_ch.cloud           2.3.1  
2025-11-26 03:52:08,082 p=8033 u=root n=ansible | community.aws                 6.4.0  
2025-11-26 03:52:08,082 p=8033 u=root n=ansible | community.azure               2.0.0  
2025-11-26 03:52:08,082 p=8033 u=root n=ansible | community.ciscosmb            1.0.7  
2025-11-26 03:52:08,082 p=8033 u=root n=ansible | community.crypto              2.16.1 
2025-11-26 03:52:08,082 p=8033 u=root n=ansible | community.digitalocean        1.24.0 
2025-11-26 03:52:08,082 p=8033 u=root n=ansible | community.dns                 2.6.4  
2025-11-26 03:52:08,082 p=8033 u=root n=ansible | community.docker              3.4.11 
2025-11-26 03:52:08,082 p=8033 u=root n=ansible | community.fortios             1.0.0  
2025-11-26 03:52:08,082 p=8033 u=root n=ansible | community.general             7.5.2  
2025-11-26 03:52:08,082 p=8033 u=root n=ansible | community.google              1.0.0  
2025-11-26 03:52:08,082 p=8033 u=root n=ansible | community.grafana             1.6.1  
2025-11-26 03:52:08,082 p=8033 u=root n=ansible | community.hashi_vault         5.0.1  
2025-11-26 03:52:08,082 p=8033 u=root n=ansible | community.hrobot              1.8.2  
2025-11-26 03:52:08,082 p=8033 u=root n=ansible | community.libvirt             1.3.0  
2025-11-26 03:52:08,082 p=8033 u=root n=ansible | community.mongodb             1.6.3  
2025-11-26 03:52:08,082 p=8033 u=root n=ansible | community.mysql               3.8.0  
2025-11-26 03:52:08,082 p=8033 u=root n=ansible | community.network             5.0.2  
2025-11-26 03:52:08,082 p=8033 u=root n=ansible | community.okd                 2.3.0  
2025-11-26 03:52:08,082 p=8033 u=root n=ansible | community.postgresql          2.4.3  
2025-11-26 03:52:08,082 p=8033 u=root n=ansible | community.proxysql            1.5.1  
2025-11-26 03:52:08,082 p=8033 u=root n=ansible | community.rabbitmq            1.2.3  
2025-11-26 03:52:08,082 p=8033 u=root n=ansible | community.routeros            2.11.0 
2025-11-26 03:52:08,082 p=8033 u=root n=ansible | community.sap                 1.0.0  
2025-11-26 03:52:08,082 p=8033 u=root n=ansible | community.sap_libs            1.4.1  
2025-11-26 03:52:08,082 p=8033 u=root n=ansible | community.skydive             1.0.0  
2025-11-26 03:52:08,082 p=8033 u=root n=ansible | community.sops                1.6.7  
2025-11-26 03:52:08,082 p=8033 u=root n=ansible | community.vmware              3.11.1 
2025-11-26 03:52:08,083 p=8033 u=root n=ansible | community.windows             1.13.0 
2025-11-26 03:52:08,083 p=8033 u=root n=ansible | community.zabbix              2.2.0  
2025-11-26 03:52:08,083 p=8033 u=root n=ansible | containers.podman             1.11.0 
2025-11-26 03:52:08,083 p=8033 u=root n=ansible | cyberark.conjur               1.2.2  
2025-11-26 03:52:08,083 p=8033 u=root n=ansible | cyberark.pas                  1.0.23 
2025-11-26 03:52:08,083 p=8033 u=root n=ansible | dellemc.enterprise_sonic      2.2.0  
2025-11-26 03:52:08,083 p=8033 u=root n=ansible | dellemc.openmanage            7.6.1  
2025-11-26 03:52:08,083 p=8033 u=root n=ansible | dellemc.powerflex             1.9.0  
2025-11-26 03:52:08,083 p=8033 u=root n=ansible | dellemc.unity                 1.7.1  
2025-11-26 03:52:08,083 p=8033 u=root n=ansible | f5networks.f5_modules         1.27.1 
2025-11-26 03:52:08,083 p=8033 u=root n=ansible | fortinet.fortimanager         2.3.0  
2025-11-26 03:52:08,083 p=8033 u=root n=ansible | fortinet.fortios              2.3.4  
2025-11-26 03:52:08,083 p=8033 u=root n=ansible | frr.frr                       2.0.2  
2025-11-26 03:52:08,083 p=8033 u=root n=ansible | gluster.gluster               1.0.2  
2025-11-26 03:52:08,083 p=8033 u=root n=ansible | google.cloud                  1.3.0  
2025-11-26 03:52:08,083 p=8033 u=root n=ansible | grafana.grafana               2.2.3  
2025-11-26 03:52:08,083 p=8033 u=root n=ansible | hetzner.hcloud                1.16.0 
2025-11-26 03:52:08,083 p=8033 u=root n=ansible | hpe.nimble                    1.1.4  
2025-11-26 03:52:08,083 p=8033 u=root n=ansible | ibm.qradar                    2.1.0  
2025-11-26 03:52:08,083 p=8033 u=root n=ansible | ibm.spectrum_virtualize       1.12.0 
2025-11-26 03:52:08,083 p=8033 u=root n=ansible | ibm.storage_virtualize        2.1.0  
2025-11-26 03:52:08,083 p=8033 u=root n=ansible | infinidat.infinibox           1.3.12 
2025-11-26 03:52:08,083 p=8033 u=root n=ansible | infoblox.nios_modules         1.5.0  
2025-11-26 03:52:08,083 p=8033 u=root n=ansible | inspur.ispim                  1.3.0  
2025-11-26 03:52:08,083 p=8033 u=root n=ansible | inspur.sm                     2.3.0  
2025-11-26 03:52:08,083 p=8033 u=root n=ansible | junipernetworks.junos         5.3.1  
2025-11-26 03:52:08,083 p=8033 u=root n=ansible | kubernetes.core               2.4.0  
2025-11-26 03:52:08,083 p=8033 u=root n=ansible | lowlydba.sqlserver            2.2.2  
2025-11-26 03:52:08,083 p=8033 u=root n=ansible | microsoft.ad                  1.4.1  
2025-11-26 03:52:08,083 p=8033 u=root n=ansible | netapp.aws                    21.7.1 
2025-11-26 03:52:08,083 p=8033 u=root n=ansible | netapp.azure                  21.10.1
2025-11-26 03:52:08,083 p=8033 u=root n=ansible | netapp.cloudmanager           21.22.1
2025-11-26 03:52:08,083 p=8033 u=root n=ansible | netapp.elementsw              21.7.0 
2025-11-26 03:52:08,083 p=8033 u=root n=ansible | netapp.ontap                  22.8.3 
2025-11-26 03:52:08,083 p=8033 u=root n=ansible | netapp.storagegrid            21.11.1
2025-11-26 03:52:08,083 p=8033 u=root n=ansible | netapp.um_info                21.8.1 
2025-11-26 03:52:08,083 p=8033 u=root n=ansible | netapp_eseries.santricity     1.4.0  
2025-11-26 03:52:08,083 p=8033 u=root n=ansible | netbox.netbox                 3.15.0 
2025-11-26 03:52:08,083 p=8033 u=root n=ansible | ngine_io.cloudstack           2.3.0  
2025-11-26 03:52:08,083 p=8033 u=root n=ansible | ngine_io.exoscale             1.1.0  
2025-11-26 03:52:08,084 p=8033 u=root n=ansible | ngine_io.vultr                1.1.3  
2025-11-26 03:52:08,084 p=8033 u=root n=ansible | openstack.cloud               2.2.0  
2025-11-26 03:52:08,084 p=8033 u=root n=ansible | openvswitch.openvswitch       2.1.1  
2025-11-26 03:52:08,084 p=8033 u=root n=ansible | ovirt.ovirt                   3.2.0  
2025-11-26 03:52:08,084 p=8033 u=root n=ansible | purestorage.flasharray        1.24.0 
2025-11-26 03:52:08,084 p=8033 u=root n=ansible | purestorage.flashblade        1.14.0 
2025-11-26 03:52:08,084 p=8033 u=root n=ansible | purestorage.fusion            1.6.0  
2025-11-26 03:52:08,084 p=8033 u=root n=ansible | sensu.sensu_go                1.14.0 
2025-11-26 03:52:08,084 p=8033 u=root n=ansible | servicenow.servicenow         1.0.6  
2025-11-26 03:52:08,084 p=8033 u=root n=ansible | splunk.es                     2.1.2  
2025-11-26 03:52:08,084 p=8033 u=root n=ansible | t_systems_mms.icinga_director 1.33.1 
2025-11-26 03:52:08,084 p=8033 u=root n=ansible | telekom_mms.icinga_director   1.35.0 
2025-11-26 03:52:08,084 p=8033 u=root n=ansible | theforeman.foreman            3.15.0 
2025-11-26 03:52:08,084 p=8033 u=root n=ansible | vmware.vmware_rest            2.3.1  
2025-11-26 03:52:08,084 p=8033 u=root n=ansible | vultr.cloud                   1.11.0 
2025-11-26 03:52:08,084 p=8033 u=root n=ansible | vyos.vyos                     4.1.0  
2025-11-26 03:52:08,084 p=8033 u=root n=ansible | wti.remote                    1.0.5  
2025-11-26 03:54:19,280 p=8038 u=root n=ansible | PLAY [Snapmirror Create] ***********************************************************************************************
2025-11-26 03:54:19,667 p=8038 u=root n=ansible | TASK [Create cluster peer] *********************************************************************************************
2025-11-26 03:54:19,668 p=8038 u=root n=ansible | ok: [localhost]
2025-11-26 03:54:24,846 p=8038 u=root n=ansible | TASK [sleep for 20 seconds and continue with play] *********************************************************************
2025-11-26 03:54:24,846 p=8038 u=root n=ansible | ok: [localhost]
2025-11-26 03:54:25,193 p=8038 u=root n=ansible | TASK [Source vserver peer create] **************************************************************************************
2025-11-26 03:54:25,194 p=8038 u=root n=ansible | ok: [localhost]
2025-11-26 03:54:30,306 p=8038 u=root n=ansible | TASK [sleep for 20 seconds and continue with play] *********************************************************************
2025-11-26 03:54:30,306 p=8038 u=root n=ansible | ok: [localhost]
2025-11-26 03:54:30,678 p=8038 u=root n=ansible | TASK [Validate destination FlexVol] ************************************************************************************
2025-11-26 03:54:30,679 p=8038 u=root n=ansible | ok: [localhost]
2025-11-26 03:54:31,203 p=8038 u=root n=ansible | TASK [Create SnapMirror] ***********************************************************************************************
2025-11-26 03:54:31,203 p=8038 u=root n=ansible | changed: [localhost]
2025-11-26 03:54:31,208 p=8038 u=root n=ansible | PLAY RECAP *************************************************************************************************************
2025-11-26 03:54:31,208 p=8038 u=root n=ansible | localhost                  : ok=6    changed=1    unreachable=0    failed=0    skipped=0    rescued=0    ignored=0   
2025-11-26 03:56:21,463 p=8140 u=root n=ansible | PLAY [Snapmirror Create] ***********************************************************************************************
2025-11-26 03:56:21,844 p=8140 u=root n=ansible | TASK [Create cluster peer] *********************************************************************************************
2025-11-26 03:56:21,844 p=8140 u=root n=ansible | ok: [localhost]
2025-11-26 03:56:27,024 p=8140 u=root n=ansible | TASK [sleep for 20 seconds and continue with play] *********************************************************************
2025-11-26 03:56:27,025 p=8140 u=root n=ansible | ok: [localhost]
2025-11-26 03:56:27,362 p=8140 u=root n=ansible | TASK [Source vserver peer create] **************************************************************************************
2025-11-26 03:56:27,363 p=8140 u=root n=ansible | ok: [localhost]
2025-11-26 03:56:32,477 p=8140 u=root n=ansible | TASK [sleep for 20 seconds and continue with play] *********************************************************************
2025-11-26 03:56:32,477 p=8140 u=root n=ansible | ok: [localhost]
2025-11-26 03:56:32,859 p=8140 u=root n=ansible | TASK [Validate destination FlexVol] ************************************************************************************
2025-11-26 03:56:32,859 p=8140 u=root n=ansible | ok: [localhost]
2025-11-26 03:56:33,351 p=8140 u=root n=ansible | TASK [Create SnapMirror] ***********************************************************************************************
2025-11-26 03:56:33,351 p=8140 u=root n=ansible | changed: [localhost]
2025-11-26 03:56:33,356 p=8140 u=root n=ansible | PLAY RECAP *************************************************************************************************************
2025-11-26 03:56:33,356 p=8140 u=root n=ansible | localhost                  : ok=6    changed=1    unreachable=0    failed=0    skipped=0    rescued=0    ignored=0   
2025-11-26 03:56:40,488 p=8241 u=root n=ansible | PLAY [Snapmirror Create] ***********************************************************************************************
2025-11-26 03:56:40,875 p=8241 u=root n=ansible | TASK [Create cluster peer] *********************************************************************************************
2025-11-26 03:56:40,876 p=8241 u=root n=ansible | ok: [localhost]
2025-11-26 03:56:46,056 p=8241 u=root n=ansible | TASK [sleep for 20 seconds and continue with play] *********************************************************************
2025-11-26 03:56:46,056 p=8241 u=root n=ansible | ok: [localhost]
2025-11-26 03:56:46,400 p=8241 u=root n=ansible | TASK [Source vserver peer create] **************************************************************************************
2025-11-26 03:56:46,400 p=8241 u=root n=ansible | ok: [localhost]
2025-11-26 03:56:51,525 p=8241 u=root n=ansible | TASK [sleep for 20 seconds and continue with play] *********************************************************************
2025-11-26 03:56:51,526 p=8241 u=root n=ansible | ok: [localhost]
2025-11-26 03:56:51,903 p=8241 u=root n=ansible | TASK [Validate destination FlexVol] ************************************************************************************
2025-11-26 03:56:51,903 p=8241 u=root n=ansible | ok: [localhost]
2025-11-26 03:56:52,823 p=8241 u=root n=ansible | TASK [Create SnapMirror] ***********************************************************************************************
2025-11-26 03:56:52,823 p=8241 u=root n=ansible | changed: [localhost]
2025-11-26 03:56:52,828 p=8241 u=root n=ansible | PLAY RECAP *************************************************************************************************************
2025-11-26 03:56:52,828 p=8241 u=root n=ansible | localhost                  : ok=6    changed=1    unreachable=0    failed=0    skipped=0    rescued=0    ignored=0   
2025-11-26 03:57:05,865 p=8342 u=root n=ansible | ansible-playbook [core 2.15.13]
  config file = /root/ansible-workshop/ansible.cfg
  configured module search path = ['/root/.ansible/plugins/modules', '/usr/share/ansible/plugins/modules']
  ansible python module location = /usr/local/lib/python3.9/site-packages/ansible
  ansible collection location = /root/.ansible/collections:/usr/share/ansible/collections
  executable location = /usr/local/bin/ansible-playbook
  python version = 3.9.18 (main, Jan 24 2024, 00:00:00) [GCC 11.4.1 20231218 (Red Hat 11.4.1-3)] (/usr/bin/python3)
  jinja version = 3.1.6
  libyaml = True
2025-11-26 03:57:05,865 p=8342 u=root n=ansible | Using /root/ansible-workshop/ansible.cfg as config file
2025-11-26 03:57:05,988 p=8342 u=root n=ansible | redirecting (type: modules) ansible.builtin.na_ontap_cluster_peer to netapp.ontap.na_ontap_cluster_peer
2025-11-26 03:57:05,990 p=8342 u=root n=ansible | redirecting (type: modules) ansible.builtin.na_ontap_vserver_peer to netapp.ontap.na_ontap_vserver_peer
2025-11-26 03:57:05,991 p=8342 u=root n=ansible | redirecting (type: modules) ansible.builtin.na_ontap_volume to netapp.ontap.na_ontap_volume
2025-11-26 03:57:05,991 p=8342 u=root n=ansible | redirecting (type: modules) ansible.builtin.na_ontap_snapmirror to netapp.ontap.na_ontap_snapmirror
2025-11-26 03:57:05,998 p=8342 u=root n=ansible | Skipping callback 'default', as we already have a stdout callback.
2025-11-26 03:57:05,998 p=8342 u=root n=ansible | Skipping callback 'minimal', as we already have a stdout callback.
2025-11-26 03:57:05,998 p=8342 u=root n=ansible | Skipping callback 'oneline', as we already have a stdout callback.
2025-11-26 03:57:05,998 p=8342 u=root n=ansible | PLAYBOOK: 5-snapmirror-create.yml **************************************************************************************
2025-11-26 03:57:05,998 p=8342 u=root n=ansible | 1 plays in 5-snapmirror-create.yml
2025-11-26 03:57:05,999 p=8342 u=root n=ansible | PLAY [Snapmirror Create] ***********************************************************************************************
2025-11-26 03:57:06,013 p=8342 u=root n=ansible | redirecting (type: modules) ansible.builtin.na_ontap_cluster_peer to netapp.ontap.na_ontap_cluster_peer
2025-11-26 03:57:06,021 p=8342 u=root n=ansible | redirecting (type: modules) ansible.builtin.na_ontap_cluster_peer to netapp.ontap.na_ontap_cluster_peer
2025-11-26 03:57:06,381 p=8342 u=root n=ansible | TASK [Create cluster peer] *********************************************************************************************
2025-11-26 03:57:06,382 p=8342 u=root n=ansible | ok: [localhost] => {"changed": false, "destination_action": null, "source_action": null}
2025-11-26 03:57:11,560 p=8342 u=root n=ansible | TASK [sleep for 20 seconds and continue with play] *********************************************************************
2025-11-26 03:57:11,560 p=8342 u=root n=ansible | ok: [localhost] => {"changed": false, "elapsed": 5, "match_groupdict": {}, "match_groups": [], "path": null, "port": null, "search_regex": null, "state": "started"}
2025-11-26 03:57:11,569 p=8342 u=root n=ansible | redirecting (type: modules) ansible.builtin.na_ontap_vserver_peer to netapp.ontap.na_ontap_vserver_peer
2025-11-26 03:57:11,578 p=8342 u=root n=ansible | redirecting (type: modules) ansible.builtin.na_ontap_vserver_peer to netapp.ontap.na_ontap_vserver_peer
2025-11-26 03:57:11,900 p=8342 u=root n=ansible | TASK [Source vserver peer create] **************************************************************************************
2025-11-26 03:57:11,900 p=8342 u=root n=ansible | ok: [localhost] => {"changed": false}
2025-11-26 03:57:17,011 p=8342 u=root n=ansible | TASK [sleep for 20 seconds and continue with play] *********************************************************************
2025-11-26 03:57:17,012 p=8342 u=root n=ansible | ok: [localhost] => {"changed": false, "elapsed": 5, "match_groupdict": {}, "match_groups": [], "path": null, "port": null, "search_regex": null, "state": "started"}
2025-11-26 03:57:17,022 p=8342 u=root n=ansible | redirecting (type: modules) ansible.builtin.na_ontap_volume to netapp.ontap.na_ontap_volume
2025-11-26 03:57:17,030 p=8342 u=root n=ansible | redirecting (type: modules) ansible.builtin.na_ontap_volume to netapp.ontap.na_ontap_volume
2025-11-26 03:57:17,386 p=8342 u=root n=ansible | TASK [Validate destination FlexVol] ************************************************************************************
2025-11-26 03:57:17,386 p=8342 u=root n=ansible | ok: [localhost] => {"changed": false}
2025-11-26 03:57:17,395 p=8342 u=root n=ansible | redirecting (type: modules) ansible.builtin.na_ontap_snapmirror to netapp.ontap.na_ontap_snapmirror
2025-11-26 03:57:17,403 p=8342 u=root n=ansible | redirecting (type: modules) ansible.builtin.na_ontap_snapmirror to netapp.ontap.na_ontap_snapmirror
2025-11-26 03:57:17,927 p=8342 u=root n=ansible | TASK [Create SnapMirror] ***********************************************************************************************
2025-11-26 03:57:17,927 p=8342 u=root n=ansible | changed: [localhost] => {"actions": ["check_for_update", "update"], "changed": true}
2025-11-26 03:57:17,932 p=8342 u=root n=ansible | PLAY RECAP *************************************************************************************************************
2025-11-26 03:57:17,932 p=8342 u=root n=ansible | localhost                  : ok=6    changed=1    unreachable=0    failed=0    skipped=0    rescued=0    ignored=0   
2025-11-26 04:17:10,962 p=8500 u=root n=ansible | PLAY [NetApp cluster3 System Setup] ************************************************************************************
2025-11-26 04:17:21,791 p=8500 u=root n=ansible | TASK [Create and Online New Data Aggregate's] **************************************************************************
2025-11-26 04:17:21,792 p=8500 u=root n=ansible | changed: [localhost] => (item={'name': 'aggr1_cluster3_01_data', 'node': 'cluster3-01', 'diskcount': 13})
2025-11-26 04:17:36,509 p=8500 u=root n=ansible | TASK [Create Vserver] **************************************************************************************************
2025-11-26 04:17:36,509 p=8500 u=root n=ansible | changed: [localhost] => (item={'name': 'svm2', 'rootvol': 'svm2_root', 'rootaggr': 'aggr1_cluster3_01_data', 'aggr_list': 'aggr1_cluster3_01_data', 'allowed_protocols': 'nfs', 'dns_servers': '192.168.4.169', 'domain': 'demo.netapp.com'})
2025-11-26 04:17:36,517 p=8500 u=root n=ansible | TASK [Create Subnet] ***************************************************************************************************
2025-11-26 04:17:36,518 p=8500 u=root n=ansible | fatal: [localhost]: FAILED! => {"msg": "The task includes an option with an undefined variable. The error was: 'subnetname' is undefined. 'subnetname' is undefined\n\nThe error appears to be in '/root/ansible-workshop/4-full-playbook-cluster3.yml': line 54, column 5, but may\nbe elsewhere in the file depending on the exact syntax problem.\n\nThe offending line appears to be:\n\n    with_items: \"{{ svm }}\"\n  - name: Create Subnet\n    ^ here\n"}
2025-11-26 04:17:36,518 p=8500 u=root n=ansible | PLAY RECAP *************************************************************************************************************
2025-11-26 04:17:36,518 p=8500 u=root n=ansible | localhost                  : ok=2    changed=2    unreachable=0    failed=1    skipped=0    rescued=0    ignored=0   
2025-11-26 04:37:51,989 p=8564 u=root n=ansible | PLAY [NetApp Cluster1 System Setup] ************************************************************************************
2025-11-26 04:37:52,469 p=8564 u=root n=ansible | TASK [Create and Online New Data Aggregate Node1] **********************************************************************
2025-11-26 04:37:52,469 p=8564 u=root n=ansible | ok: [localhost] => (item={'name': 'aggr1_cluster3_01_data', 'node': 'cluster3-01', 'diskcount': 13})
2025-11-26 04:37:53,416 p=8564 u=root n=ansible | TASK [Create Vserver] **************************************************************************************************
2025-11-26 04:37:53,416 p=8564 u=root n=ansible | ok: [localhost] => (item={'name': 'svm1', 'rootvol': 'svm1_root', 'rootaggr': 'aggr1_cluster3_01_data', 'aggr_list': 'aggr1_cluster3_01_data', 'allowed_protocols': 'nfs', 'dns_servers': '192.168.4.169', 'domain': 'demo.netapp.com'})
2025-11-26 04:37:53,736 p=8564 u=root n=ansible | TASK [Create NFS LIF Node1] ********************************************************************************************
2025-11-26 04:37:53,736 p=8564 u=root n=ansible | ok: [localhost] => (item={'name': 'nfs_lif01', 'ip_addr': '192.168.4.134', 'netmask': '255.255.255.0', 'node': 'cluster3-01', 'vserver': 'svm1', 'home': 'e0c'})
2025-11-26 04:37:54,042 p=8564 u=root n=ansible | TASK [Start NFS] *******************************************************************************************************
2025-11-26 04:37:54,042 p=8564 u=root n=ansible | ok: [localhost] => (item={'name': 'svm1', 'rootvol': 'svm1_root', 'rootaggr': 'aggr1_cluster3_01_data', 'aggr_list': 'aggr1_cluster3_01_data', 'allowed_protocols': 'nfs', 'dns_servers': '192.168.4.169', 'domain': 'demo.netapp.com'})
2025-11-26 04:37:54,396 p=8564 u=root n=ansible | TASK [Add NFS Export Rule Under Default Policy] ************************************************************************
2025-11-26 04:37:54,396 p=8564 u=root n=ansible | ok: [localhost] => (item={'name': 'svm1', 'rootvol': 'svm1_root', 'rootaggr': 'aggr1_cluster3_01_data', 'aggr_list': 'aggr1_cluster3_01_data', 'allowed_protocols': 'nfs', 'dns_servers': '192.168.4.169', 'domain': 'demo.netapp.com'})
2025-11-26 04:37:54,714 p=8564 u=root n=ansible | TASK [Add DNS Settings to svm] *****************************************************************************************
2025-11-26 04:37:54,714 p=8564 u=root n=ansible | ok: [localhost] => (item={'name': 'svm1', 'rootvol': 'svm1_root', 'rootaggr': 'aggr1_cluster3_01_data', 'aggr_list': 'aggr1_cluster3_01_data', 'allowed_protocols': 'nfs', 'dns_servers': '192.168.4.169', 'domain': 'demo.netapp.com'})
2025-11-26 04:37:55,206 p=8564 u=root n=ansible | TASK [Create Volumes] **************************************************************************************************
2025-11-26 04:37:55,206 p=8564 u=root n=ansible | ok: [localhost] => (item={'name': 'vol1', 'size': 1, 'aggr': 'aggr1_cluster3_01_data', 'vserver': 'svm1', 'security_style': 'unix'})
2025-11-26 04:37:55,461 p=8564 u=root n=ansible | ok: [localhost] => (item={'name': 'vol2', 'size': 2, 'aggr': 'aggr1_cluster3_01_data', 'vserver': 'svm1', 'security_style': 'unix'})
2025-11-26 04:37:55,711 p=8564 u=root n=ansible | ok: [localhost] => (item={'name': 'vol3', 'size': 3, 'aggr': 'aggr1_cluster3_01_data', 'vserver': 'svm1', 'security_style': 'unix'})
2025-11-26 04:37:55,720 p=8564 u=root n=ansible | PLAY RECAP *************************************************************************************************************
2025-11-26 04:37:55,720 p=8564 u=root n=ansible | localhost                  : ok=7    changed=0    unreachable=0    failed=0    skipped=0    rescued=0    ignored=0   
2025-11-26 04:38:18,889 p=8712 u=root n=ansible | PLAY [NetApp Cluster1 System Setup] ************************************************************************************
2025-11-26 04:38:19,221 p=8712 u=root n=ansible | TASK [Create and Online New Data Aggregate Node1] **********************************************************************
2025-11-26 04:38:19,222 p=8712 u=root n=ansible | ok: [localhost] => (item={'name': 'aggr1_cluster3_01_data', 'node': 'cluster3-01', 'diskcount': 13})
2025-11-26 04:38:19,552 p=8712 u=root n=ansible | TASK [Create Vserver] **************************************************************************************************
2025-11-26 04:38:19,553 p=8712 u=root n=ansible | ok: [localhost] => (item={'name': 'svm1', 'rootvol': 'svm1_root', 'rootaggr': 'aggr1_cluster3_01_data', 'aggr_list': 'aggr1_cluster3_01_data', 'allowed_protocols': 'nfs', 'dns_servers': '192.168.4.169', 'domain': 'demo.netapp.com'})
2025-11-26 04:38:19,883 p=8712 u=root n=ansible | TASK [Create NFS LIF Node1] ********************************************************************************************
2025-11-26 04:38:19,883 p=8712 u=root n=ansible | ok: [localhost] => (item={'name': 'nfs_lif01', 'ip_addr': '192.168.4.134', 'netmask': '255.255.255.0', 'node': 'cluster3-01', 'vserver': 'svm1', 'home': 'e0c'})
2025-11-26 04:38:20,190 p=8712 u=root n=ansible | TASK [Start NFS] *******************************************************************************************************
2025-11-26 04:38:20,190 p=8712 u=root n=ansible | ok: [localhost] => (item={'name': 'svm1', 'rootvol': 'svm1_root', 'rootaggr': 'aggr1_cluster3_01_data', 'aggr_list': 'aggr1_cluster3_01_data', 'allowed_protocols': 'nfs', 'dns_servers': '192.168.4.169', 'domain': 'demo.netapp.com'})
2025-11-26 04:38:20,542 p=8712 u=root n=ansible | TASK [Add NFS Export Rule Under Default Policy] ************************************************************************
2025-11-26 04:38:20,543 p=8712 u=root n=ansible | ok: [localhost] => (item={'name': 'svm1', 'rootvol': 'svm1_root', 'rootaggr': 'aggr1_cluster3_01_data', 'aggr_list': 'aggr1_cluster3_01_data', 'allowed_protocols': 'nfs', 'dns_servers': '192.168.4.169', 'domain': 'demo.netapp.com'})
2025-11-26 04:38:20,845 p=8712 u=root n=ansible | TASK [Add DNS Settings to svm] *****************************************************************************************
2025-11-26 04:38:20,845 p=8712 u=root n=ansible | ok: [localhost] => (item={'name': 'svm1', 'rootvol': 'svm1_root', 'rootaggr': 'aggr1_cluster3_01_data', 'aggr_list': 'aggr1_cluster3_01_data', 'allowed_protocols': 'nfs', 'dns_servers': '192.168.4.169', 'domain': 'demo.netapp.com'})
2025-11-26 04:38:21,207 p=8712 u=root n=ansible | TASK [Create Volumes] **************************************************************************************************
2025-11-26 04:38:21,207 p=8712 u=root n=ansible | ok: [localhost] => (item={'name': 'vol1', 'size': 1, 'aggr': 'aggr1_cluster3_01_data', 'vserver': 'svm1', 'security_style': 'unix'})
2025-11-26 04:38:21,468 p=8712 u=root n=ansible | ok: [localhost] => (item={'name': 'vol2', 'size': 2, 'aggr': 'aggr1_cluster3_01_data', 'vserver': 'svm1', 'security_style': 'unix'})
2025-11-26 04:38:21,726 p=8712 u=root n=ansible | ok: [localhost] => (item={'name': 'vol3', 'size': 3, 'aggr': 'aggr1_cluster3_01_data', 'vserver': 'svm1', 'security_style': 'unix'})
2025-11-26 04:38:21,734 p=8712 u=root n=ansible | PLAY RECAP *************************************************************************************************************
2025-11-26 04:38:21,734 p=8712 u=root n=ansible | localhost                  : ok=7    changed=0    unreachable=0    failed=0    skipped=0    rescued=0    ignored=0   
2025-11-26 04:38:25,221 p=8857 u=root n=ansible | ERROR! the playbook: 2-full-playbook-cluster2.yml could not be found
2025-11-26 04:38:31,809 p=8859 u=root n=ansible | PLAY [NetApp cluster2 System Setup] ************************************************************************************
2025-11-26 04:38:32,214 p=8859 u=root n=ansible | TASK [Create and Online New Data Aggregate's] **************************************************************************
2025-11-26 04:38:32,214 p=8859 u=root n=ansible | ok: [localhost] => (item={'name': 'aggr1_cluster2_01_data', 'node': 'cluster2-01', 'diskcount': 13})
2025-11-26 04:38:32,581 p=8859 u=root n=ansible | TASK [Create Vserver] **************************************************************************************************
2025-11-26 04:38:32,581 p=8859 u=root n=ansible | ok: [localhost] => (item={'name': 'svm2', 'rootvol': 'svm2_root', 'rootaggr': 'aggr1_cluster2_01_data', 'aggr_list': 'aggr1_cluster2_01_data', 'allowed_protocols': 'nfs', 'dns_servers': '192.168.4.169', 'domain': 'demo.netapp.com'})
2025-11-26 04:38:32,589 p=8859 u=root n=ansible | TASK [Create Subnet] ***************************************************************************************************
2025-11-26 04:38:32,589 p=8859 u=root n=ansible | fatal: [localhost]: FAILED! => {"msg": "The task includes an option with an undefined variable. The error was: 'subnetname' is undefined. 'subnetname' is undefined\n\nThe error appears to be in '/root/ansible-workshop/3-full-playbook-cluster2.yml': line 54, column 5, but may\nbe elsewhere in the file depending on the exact syntax problem.\n\nThe offending line appears to be:\n\n    with_items: \"{{ svm }}\"\n  - name: Create Subnet\n    ^ here\n"}
2025-11-26 04:38:32,590 p=8859 u=root n=ansible | PLAY RECAP *************************************************************************************************************
2025-11-26 04:38:32,590 p=8859 u=root n=ansible | localhost                  : ok=2    changed=0    unreachable=0    failed=1    skipped=0    rescued=0    ignored=0   
2025-11-26 04:39:44,177 p=8900 u=root n=ansible | PLAY [NetApp cluster2 System Setup] ************************************************************************************
2025-11-26 04:39:44,529 p=8900 u=root n=ansible | TASK [Create and Online New Data Aggregate's] **************************************************************************
2025-11-26 04:39:44,529 p=8900 u=root n=ansible | ok: [localhost] => (item={'name': 'aggr1_cluster2_01_data', 'node': 'cluster2-01', 'diskcount': 13})
2025-11-26 04:39:44,870 p=8900 u=root n=ansible | TASK [Create Vserver] **************************************************************************************************
2025-11-26 04:39:44,870 p=8900 u=root n=ansible | ok: [localhost] => (item={'name': 'svm2', 'rootvol': 'svm2_root', 'rootaggr': 'aggr1_cluster2_01_data', 'aggr_list': 'aggr1_cluster2_01_data', 'allowed_protocols': 'nfs', 'dns_servers': '192.168.4.169', 'domain': 'demo.netapp.com'})
2025-11-26 04:39:45,217 p=8900 u=root n=ansible | TASK [Create NFS LIF Node1] ********************************************************************************************
2025-11-26 04:39:45,217 p=8900 u=root n=ansible | ok: [localhost] => (item={'name': 'nfs_lif01', 'node': 'cluster2-01', 'vserver': 'svm2', 'ip_addr': '192.168.4.135', 'netmask': '255.255.255.0', 'home': 'e0c'})
2025-11-26 04:39:45,546 p=8900 u=root n=ansible | TASK [Start NFS] *******************************************************************************************************
2025-11-26 04:39:45,547 p=8900 u=root n=ansible | ok: [localhost] => (item={'name': 'svm2', 'rootvol': 'svm2_root', 'rootaggr': 'aggr1_cluster2_01_data', 'aggr_list': 'aggr1_cluster2_01_data', 'allowed_protocols': 'nfs', 'dns_servers': '192.168.4.169', 'domain': 'demo.netapp.com'})
2025-11-26 04:39:45,912 p=8900 u=root n=ansible | TASK [Create NFS Export Rule Under Default Policy] *********************************************************************
2025-11-26 04:39:45,912 p=8900 u=root n=ansible | ok: [localhost] => (item={'name': 'svm2', 'rootvol': 'svm2_root', 'rootaggr': 'aggr1_cluster2_01_data', 'aggr_list': 'aggr1_cluster2_01_data', 'allowed_protocols': 'nfs', 'dns_servers': '192.168.4.169', 'domain': 'demo.netapp.com'})
2025-11-26 04:39:46,270 p=8900 u=root n=ansible | TASK [Add DNS Settings to SVM] *****************************************************************************************
2025-11-26 04:39:46,270 p=8900 u=root n=ansible | ok: [localhost] => (item={'name': 'svm2', 'rootvol': 'svm2_root', 'rootaggr': 'aggr1_cluster2_01_data', 'aggr_list': 'aggr1_cluster2_01_data', 'allowed_protocols': 'nfs', 'dns_servers': '192.168.4.169', 'domain': 'demo.netapp.com'})
2025-11-26 04:39:46,837 p=8900 u=root n=ansible | TASK [Create Volumes] **************************************************************************************************
2025-11-26 04:39:46,837 p=8900 u=root n=ansible | ok: [localhost] => (item={'name': 'vol1_svm2', 'size': 1, 'aggr': 'aggr1_cluster2_01_data', 'vserver': 'svm2', 'security_style': 'unix'})
2025-11-26 04:39:46,845 p=8900 u=root n=ansible | PLAY RECAP *************************************************************************************************************
2025-11-26 04:39:46,845 p=8900 u=root n=ansible | localhost                  : ok=7    changed=0    unreachable=0    failed=0    skipped=0    rescued=0    ignored=0   
2025-11-26 04:41:33,336 p=9021 u=root n=ansible | PLAY [NetApp Cluster3 System Setup] ************************************************************************************
2025-11-26 04:41:33,664 p=9021 u=root n=ansible | TASK [Create and Online New Data Aggregate Node1] **********************************************************************
2025-11-26 04:41:33,665 p=9021 u=root n=ansible | ok: [localhost] => (item={'name': 'aggr1_cluster3_01_data', 'node': 'cluster3-01', 'diskcount': 13})
2025-11-26 04:41:44,113 p=9021 u=root n=ansible | TASK [Create Vserver] **************************************************************************************************
2025-11-26 04:41:44,113 p=9021 u=root n=ansible | changed: [localhost] => (item={'name': 'svm3', 'rootvol': 'svm3_root', 'rootaggr': 'aggr1_cluster3_01_data', 'aggr_list': 'aggr1_cluster3_01_data', 'allowed_protocols': 'nfs', 'dns_servers': '192.168.4.169', 'domain': 'demo.netapp.com'})
2025-11-26 04:41:44,633 p=9021 u=root n=ansible | TASK [Create NFS LIF Node1] ********************************************************************************************
2025-11-26 04:41:44,634 p=9021 u=root n=ansible | changed: [localhost] => (item={'name': 'nfs_lif01', 'ip_addr': '192.168.4.136', 'netmask': '255.255.255.0', 'node': 'cluster3-01', 'vserver': 'svm3', 'home': 'e0c'})
2025-11-26 04:41:45,087 p=9021 u=root n=ansible | TASK [Start NFS] *******************************************************************************************************
2025-11-26 04:41:45,087 p=9021 u=root n=ansible | changed: [localhost] => (item={'name': 'svm3', 'rootvol': 'svm3_root', 'rootaggr': 'aggr1_cluster3_01_data', 'aggr_list': 'aggr1_cluster3_01_data', 'allowed_protocols': 'nfs', 'dns_servers': '192.168.4.169', 'domain': 'demo.netapp.com'})
2025-11-26 04:41:45,482 p=9021 u=root n=ansible | TASK [Add NFS Export Rule Under Default Policy] ************************************************************************
2025-11-26 04:41:45,482 p=9021 u=root n=ansible | changed: [localhost] => (item={'name': 'svm3', 'rootvol': 'svm3_root', 'rootaggr': 'aggr1_cluster3_01_data', 'aggr_list': 'aggr1_cluster3_01_data', 'allowed_protocols': 'nfs', 'dns_servers': '192.168.4.169', 'domain': 'demo.netapp.com'})
2025-11-26 04:41:45,953 p=9021 u=root n=ansible | TASK [Add DNS Settings to svm] *****************************************************************************************
2025-11-26 04:41:45,953 p=9021 u=root n=ansible | changed: [localhost] => (item={'name': 'svm3', 'rootvol': 'svm3_root', 'rootaggr': 'aggr1_cluster3_01_data', 'aggr_list': 'aggr1_cluster3_01_data', 'allowed_protocols': 'nfs', 'dns_servers': '192.168.4.169', 'domain': 'demo.netapp.com'})
2025-11-26 04:41:48,000 p=9021 u=root n=ansible | TASK [Create Volumes] **************************************************************************************************
2025-11-26 04:41:48,000 p=9021 u=root n=ansible | changed: [localhost] => (item={'name': 'vol1', 'size': 1, 'aggr': 'aggr1_cluster3_01_data', 'vserver': 'svm3', 'security_style': 'unix'})
2025-11-26 04:41:49,695 p=9021 u=root n=ansible | changed: [localhost] => (item={'name': 'vol2', 'size': 2, 'aggr': 'aggr1_cluster3_01_data', 'vserver': 'svm3', 'security_style': 'unix'})
2025-11-26 04:41:51,313 p=9021 u=root n=ansible | changed: [localhost] => (item={'name': 'vol3', 'size': 3, 'aggr': 'aggr1_cluster3_01_data', 'vserver': 'svm3', 'security_style': 'unix'})
2025-11-26 04:41:51,321 p=9021 u=root n=ansible | PLAY RECAP *************************************************************************************************************
2025-11-26 04:41:51,322 p=9021 u=root n=ansible | localhost                  : ok=7    changed=6    unreachable=0    failed=0    skipped=0    rescued=0    ignored=0   
2025-11-26 04:41:55,916 p=9166 u=root n=ansible | PLAY [NetApp Cluster3 System Setup] ************************************************************************************
2025-11-26 04:41:56,240 p=9166 u=root n=ansible | TASK [Create and Online New Data Aggregate Node1] **********************************************************************
2025-11-26 04:41:56,241 p=9166 u=root n=ansible | ok: [localhost] => (item={'name': 'aggr1_cluster3_01_data', 'node': 'cluster3-01', 'diskcount': 13})
2025-11-26 04:41:56,598 p=9166 u=root n=ansible | TASK [Create Vserver] **************************************************************************************************
2025-11-26 04:41:56,599 p=9166 u=root n=ansible | ok: [localhost] => (item={'name': 'svm3', 'rootvol': 'svm3_root', 'rootaggr': 'aggr1_cluster3_01_data', 'aggr_list': 'aggr1_cluster3_01_data', 'allowed_protocols': 'nfs', 'dns_servers': '192.168.4.169', 'domain': 'demo.netapp.com'})
2025-11-26 04:41:56,923 p=9166 u=root n=ansible | TASK [Create NFS LIF Node1] ********************************************************************************************
2025-11-26 04:41:56,923 p=9166 u=root n=ansible | ok: [localhost] => (item={'name': 'nfs_lif01', 'ip_addr': '192.168.4.136', 'netmask': '255.255.255.0', 'node': 'cluster3-01', 'vserver': 'svm3', 'home': 'e0c'})
2025-11-26 04:41:57,235 p=9166 u=root n=ansible | TASK [Start NFS] *******************************************************************************************************
2025-11-26 04:41:57,235 p=9166 u=root n=ansible | ok: [localhost] => (item={'name': 'svm3', 'rootvol': 'svm3_root', 'rootaggr': 'aggr1_cluster3_01_data', 'aggr_list': 'aggr1_cluster3_01_data', 'allowed_protocols': 'nfs', 'dns_servers': '192.168.4.169', 'domain': 'demo.netapp.com'})
2025-11-26 04:41:57,565 p=9166 u=root n=ansible | TASK [Add NFS Export Rule Under Default Policy] ************************************************************************
2025-11-26 04:41:57,566 p=9166 u=root n=ansible | ok: [localhost] => (item={'name': 'svm3', 'rootvol': 'svm3_root', 'rootaggr': 'aggr1_cluster3_01_data', 'aggr_list': 'aggr1_cluster3_01_data', 'allowed_protocols': 'nfs', 'dns_servers': '192.168.4.169', 'domain': 'demo.netapp.com'})
2025-11-26 04:41:57,864 p=9166 u=root n=ansible | TASK [Add DNS Settings to svm] *****************************************************************************************
2025-11-26 04:41:57,864 p=9166 u=root n=ansible | ok: [localhost] => (item={'name': 'svm3', 'rootvol': 'svm3_root', 'rootaggr': 'aggr1_cluster3_01_data', 'aggr_list': 'aggr1_cluster3_01_data', 'allowed_protocols': 'nfs', 'dns_servers': '192.168.4.169', 'domain': 'demo.netapp.com'})
2025-11-26 04:41:58,231 p=9166 u=root n=ansible | TASK [Create Volumes] **************************************************************************************************
2025-11-26 04:41:58,231 p=9166 u=root n=ansible | ok: [localhost] => (item={'name': 'vol1', 'size': 1, 'aggr': 'aggr1_cluster3_01_data', 'vserver': 'svm3', 'security_style': 'unix'})
2025-11-26 04:41:58,497 p=9166 u=root n=ansible | ok: [localhost] => (item={'name': 'vol2', 'size': 2, 'aggr': 'aggr1_cluster3_01_data', 'vserver': 'svm3', 'security_style': 'unix'})
2025-11-26 04:41:58,748 p=9166 u=root n=ansible | ok: [localhost] => (item={'name': 'vol3', 'size': 3, 'aggr': 'aggr1_cluster3_01_data', 'vserver': 'svm3', 'security_style': 'unix'})
2025-11-26 04:41:58,756 p=9166 u=root n=ansible | PLAY RECAP *************************************************************************************************************
2025-11-26 04:41:58,756 p=9166 u=root n=ansible | localhost                  : ok=7    changed=0    unreachable=0    failed=0    skipped=0    rescued=0    ignored=0   
2025-11-26 04:42:06,945 p=9311 u=root n=ansible | PLAY [NetApp Cluster3 System Setup] ************************************************************************************
2025-11-26 04:42:07,271 p=9311 u=root n=ansible | TASK [Create and Online New Data Aggregate Node1] **********************************************************************
2025-11-26 04:42:07,272 p=9311 u=root n=ansible | ok: [localhost] => (item={'name': 'aggr1_cluster3_01_data', 'node': 'cluster3-01', 'diskcount': 13})
2025-11-26 04:42:07,603 p=9311 u=root n=ansible | TASK [Create Vserver] **************************************************************************************************
2025-11-26 04:42:07,603 p=9311 u=root n=ansible | ok: [localhost] => (item={'name': 'svm3', 'rootvol': 'svm3_root', 'rootaggr': 'aggr1_cluster3_01_data', 'aggr_list': 'aggr1_cluster3_01_data', 'allowed_protocols': 'nfs', 'dns_servers': '192.168.4.169', 'domain': 'demo.netapp.com'})
2025-11-26 04:42:07,930 p=9311 u=root n=ansible | TASK [Create NFS LIF Node1] ********************************************************************************************
2025-11-26 04:42:07,931 p=9311 u=root n=ansible | ok: [localhost] => (item={'name': 'nfs_lif01', 'ip_addr': '192.168.4.136', 'netmask': '255.255.255.0', 'node': 'cluster3-01', 'vserver': 'svm3', 'home': 'e0c'})
2025-11-26 04:42:08,234 p=9311 u=root n=ansible | TASK [Start NFS] *******************************************************************************************************
2025-11-26 04:42:08,234 p=9311 u=root n=ansible | ok: [localhost] => (item={'name': 'svm3', 'rootvol': 'svm3_root', 'rootaggr': 'aggr1_cluster3_01_data', 'aggr_list': 'aggr1_cluster3_01_data', 'allowed_protocols': 'nfs', 'dns_servers': '192.168.4.169', 'domain': 'demo.netapp.com'})
2025-11-26 04:42:08,566 p=9311 u=root n=ansible | TASK [Add NFS Export Rule Under Default Policy] ************************************************************************
2025-11-26 04:42:08,566 p=9311 u=root n=ansible | ok: [localhost] => (item={'name': 'svm3', 'rootvol': 'svm3_root', 'rootaggr': 'aggr1_cluster3_01_data', 'aggr_list': 'aggr1_cluster3_01_data', 'allowed_protocols': 'nfs', 'dns_servers': '192.168.4.169', 'domain': 'demo.netapp.com'})
2025-11-26 04:42:08,866 p=9311 u=root n=ansible | TASK [Add DNS Settings to svm] *****************************************************************************************
2025-11-26 04:42:08,866 p=9311 u=root n=ansible | ok: [localhost] => (item={'name': 'svm3', 'rootvol': 'svm3_root', 'rootaggr': 'aggr1_cluster3_01_data', 'aggr_list': 'aggr1_cluster3_01_data', 'allowed_protocols': 'nfs', 'dns_servers': '192.168.4.169', 'domain': 'demo.netapp.com'})
2025-11-26 04:42:09,218 p=9311 u=root n=ansible | TASK [Create Volumes] **************************************************************************************************
2025-11-26 04:42:09,218 p=9311 u=root n=ansible | ok: [localhost] => (item={'name': 'vol1', 'size': 1, 'aggr': 'aggr1_cluster3_01_data', 'vserver': 'svm3', 'security_style': 'unix'})
2025-11-26 04:42:09,473 p=9311 u=root n=ansible | ok: [localhost] => (item={'name': 'vol2', 'size': 2, 'aggr': 'aggr1_cluster3_01_data', 'vserver': 'svm3', 'security_style': 'unix'})
2025-11-26 04:42:09,720 p=9311 u=root n=ansible | ok: [localhost] => (item={'name': 'vol3', 'size': 3, 'aggr': 'aggr1_cluster3_01_data', 'vserver': 'svm3', 'security_style': 'unix'})
2025-11-26 04:42:09,728 p=9311 u=root n=ansible | PLAY RECAP *************************************************************************************************************
2025-11-26 04:42:09,728 p=9311 u=root n=ansible | localhost                  : ok=7    changed=0    unreachable=0    failed=0    skipped=0    rescued=0    ignored=0   
2025-11-26 04:46:11,772 p=9460 u=root n=ansible | PLAY [Create Cluster Peer Lifs] ****************************************************************************************
2025-11-26 04:46:12,099 p=9460 u=root n=ansible | TASK [Create interface n1 cluster3] ************************************************************************************
2025-11-26 04:46:12,100 p=9460 u=root n=ansible | [WARNING]: Ignoring vserver with REST for non data SVM.

2025-11-26 04:46:12,100 p=9460 u=root n=ansible | ok: [localhost]
2025-11-26 04:46:12,337 p=9460 u=root n=ansible | TASK [Create interface n1 cluster3] ************************************************************************************
2025-11-26 04:46:12,338 p=9460 u=root n=ansible | ok: [localhost]
2025-11-26 04:46:12,342 p=9460 u=root n=ansible | PLAY RECAP *************************************************************************************************************
2025-11-26 04:46:12,343 p=9460 u=root n=ansible | localhost                  : ok=2    changed=0    unreachable=0    failed=0    skipped=0    rescued=0    ignored=0   
2025-11-26 04:47:59,719 p=9498 u=root n=ansible | PLAY [Create Cluster Peer Lifs] ****************************************************************************************
2025-11-26 04:48:00,053 p=9498 u=root n=ansible | TASK [Create interface n1 cluster3] ************************************************************************************
2025-11-26 04:48:00,054 p=9498 u=root n=ansible | [WARNING]: Ignoring vserver with REST for non data SVM.

2025-11-26 04:48:00,054 p=9498 u=root n=ansible | ok: [localhost]
2025-11-26 04:48:00,318 p=9498 u=root n=ansible | TASK [Create interface n1 cluster2] ************************************************************************************
2025-11-26 04:48:00,319 p=9498 u=root n=ansible | ok: [localhost]
2025-11-26 04:48:00,556 p=9498 u=root n=ansible | TASK [Create interface n1 cluster3] ************************************************************************************
2025-11-26 04:48:00,556 p=9498 u=root n=ansible | ok: [localhost]
2025-11-26 04:48:00,561 p=9498 u=root n=ansible | PLAY RECAP *************************************************************************************************************
2025-11-26 04:48:00,561 p=9498 u=root n=ansible | localhost                  : ok=3    changed=0    unreachable=0    failed=0    skipped=0    rescued=0    ignored=0   
2025-11-26 04:48:48,977 p=9552 u=root n=ansible | ansible-playbook [core 2.15.13]
  config file = /root/ansible-workshop/ansible.cfg
  configured module search path = ['/root/.ansible/plugins/modules', '/usr/share/ansible/plugins/modules']
  ansible python module location = /usr/local/lib/python3.9/site-packages/ansible
  ansible collection location = /root/.ansible/collections:/usr/share/ansible/collections
  executable location = /usr/local/bin/ansible-playbook
  python version = 3.9.18 (main, Jan 24 2024, 00:00:00) [GCC 11.4.1 20231218 (Red Hat 11.4.1-3)] (/usr/bin/python3)
  jinja version = 3.1.6
  libyaml = True
2025-11-26 04:48:48,977 p=9552 u=root n=ansible | Using /root/ansible-workshop/ansible.cfg as config file
2025-11-26 04:48:49,055 p=9552 u=root n=ansible | host_list declined parsing /root/ansible-workshop/hosts as it did not pass its verify_file() method
2025-11-26 04:48:49,055 p=9552 u=root n=ansible | script declined parsing /root/ansible-workshop/hosts as it did not pass its verify_file() method
2025-11-26 04:48:49,055 p=9552 u=root n=ansible | auto declined parsing /root/ansible-workshop/hosts as it did not pass its verify_file() method
2025-11-26 04:48:49,057 p=9552 u=root n=ansible | Parsed /root/ansible-workshop/hosts inventory source with ini plugin
2025-11-26 04:48:49,100 p=9552 u=root n=ansible | redirecting (type: modules) ansible.builtin.na_ontap_interface to netapp.ontap.na_ontap_interface
2025-11-26 04:48:49,102 p=9552 u=root n=ansible | redirecting (type: modules) ansible.builtin.na_ontap_interface to netapp.ontap.na_ontap_interface
2025-11-26 04:48:49,103 p=9552 u=root n=ansible | redirecting (type: modules) ansible.builtin.na_ontap_interface to netapp.ontap.na_ontap_interface
2025-11-26 04:48:49,109 p=9552 u=root n=ansible | Skipping callback 'default', as we already have a stdout callback.
2025-11-26 04:48:49,109 p=9552 u=root n=ansible | Skipping callback 'minimal', as we already have a stdout callback.
2025-11-26 04:48:49,109 p=9552 u=root n=ansible | Skipping callback 'oneline', as we already have a stdout callback.
2025-11-26 04:48:49,110 p=9552 u=root n=ansible | PLAYBOOK: 4-create-peer-lifs.yml ***************************************************************************************
2025-11-26 04:48:49,110 p=9552 u=root n=ansible | 1 plays in 4-create-peer-lifs.yml
2025-11-26 04:48:49,110 p=9552 u=root n=ansible | PLAY [Create Cluster Peer Lifs] ****************************************************************************************
2025-11-26 04:48:49,121 p=9552 u=root n=ansible | redirecting (type: modules) ansible.builtin.na_ontap_interface to netapp.ontap.na_ontap_interface
2025-11-26 04:48:49,122 p=9552 u=root n=ansible | <127.0.0.1> ESTABLISH LOCAL CONNECTION FOR USER: root
2025-11-26 04:48:49,122 p=9552 u=root n=ansible | <127.0.0.1> EXEC /bin/sh -c 'echo ~root && sleep 0'
2025-11-26 04:48:49,125 p=9552 u=root n=ansible | <127.0.0.1> EXEC /bin/sh -c '( umask 77 && mkdir -p "` echo /root/.ansible/tmp `"&& mkdir "` echo /root/.ansible/tmp/ansible-tmp-1764150529.125379-9556-115443662310663 `" && echo ansible-tmp-1764150529.125379-9556-115443662310663="` echo /root/.ansible/tmp/ansible-tmp-1764150529.125379-9556-115443662310663 `" ) && sleep 0'
2025-11-26 04:48:49,130 p=9552 u=root n=ansible | redirecting (type: modules) ansible.builtin.na_ontap_interface to netapp.ontap.na_ontap_interface
2025-11-26 04:48:49,214 p=9552 u=root n=ansible | Using module file /usr/local/lib/python3.9/site-packages/ansible_collections/netapp/ontap/plugins/modules/na_ontap_interface.py
2025-11-26 04:48:49,215 p=9552 u=root n=ansible | <127.0.0.1> PUT /root/.ansible/tmp/ansible-local-9552ca0i7j7x/tmpoth4lb1p TO /root/.ansible/tmp/ansible-tmp-1764150529.125379-9556-115443662310663/AnsiballZ_na_ontap_interface.py
2025-11-26 04:48:49,215 p=9552 u=root n=ansible | <127.0.0.1> EXEC /bin/sh -c 'chmod u+x /root/.ansible/tmp/ansible-tmp-1764150529.125379-9556-115443662310663/ /root/.ansible/tmp/ansible-tmp-1764150529.125379-9556-115443662310663/AnsiballZ_na_ontap_interface.py && sleep 0'
2025-11-26 04:48:49,219 p=9552 u=root n=ansible | <127.0.0.1> EXEC /bin/sh -c '/usr/bin/python3 /root/.ansible/tmp/ansible-tmp-1764150529.125379-9556-115443662310663/AnsiballZ_na_ontap_interface.py && sleep 0'
2025-11-26 04:48:49,432 p=9552 u=root n=ansible | <127.0.0.1> EXEC /bin/sh -c 'rm -f -r /root/.ansible/tmp/ansible-tmp-1764150529.125379-9556-115443662310663/ > /dev/null 2>&1 && sleep 0'
2025-11-26 04:48:49,438 p=9552 u=root n=ansible | TASK [Create interface n1 cluster3] ************************************************************************************
2025-11-26 04:48:49,438 p=9552 u=root n=ansible | [WARNING]: Ignoring vserver with REST for non data SVM.

2025-11-26 04:48:49,439 p=9552 u=root n=ansible | ok: [localhost] => {
    "changed": false,
    "invocation": {
        "module_args": {
            "address": "192.168.4.120",
            "admin_status": null,
            "broadcast_domain": null,
            "cert_filepath": null,
            "current_node": null,
            "current_port": null,
            "data_protocol": null,
            "dns_domain_name": null,
            "fail_if_subnet_conflicts": null,
            "failover_group": null,
            "failover_policy": null,
            "failover_scope": null,
            "feature_flags": null,
            "firewall_policy": null,
            "force_ontap_version": null,
            "force_subnet_association": null,
            "from_name": null,
            "home_node": "cluster3-01",
            "home_port": "e0c",
            "hostname": "192.168.4.200",
            "http_port": null,
            "https": true,
            "ignore_zapi_options": [
                "force_subnet_association"
            ],
            "interface_name": "peer-lif-cl1-n1",
            "interface_type": null,
            "ipspace": "Default",
            "is_auto_revert": null,
            "is_dns_update_enabled": null,
            "is_ipv4_link_local": null,
            "key_filepath": null,
            "listen_for_dns_query": null,
            "netmask": "255.255.255.0",
            "ontapi": null,
            "password": "VALUE_SPECIFIED_IN_NO_LOG_PARAMETER",
            "probe_port": null,
            "protocols": null,
            "role": "intercluster",
            "service_policy": null,
            "state": "present",
            "subnet_name": null,
            "use_rest": "auto",
            "username": "admin",
            "validate_certs": false,
            "vserver": "cluster3"
        }
    }
}
2025-11-26 04:48:49,445 p=9552 u=root n=ansible | redirecting (type: modules) ansible.builtin.na_ontap_interface to netapp.ontap.na_ontap_interface
2025-11-26 04:48:49,446 p=9552 u=root n=ansible | <127.0.0.1> ESTABLISH LOCAL CONNECTION FOR USER: root
2025-11-26 04:48:49,447 p=9552 u=root n=ansible | <127.0.0.1> EXEC /bin/sh -c 'echo ~root && sleep 0'
2025-11-26 04:48:49,449 p=9552 u=root n=ansible | <127.0.0.1> EXEC /bin/sh -c '( umask 77 && mkdir -p "` echo /root/.ansible/tmp `"&& mkdir "` echo /root/.ansible/tmp/ansible-tmp-1764150529.449685-9572-74117912189927 `" && echo ansible-tmp-1764150529.449685-9572-74117912189927="` echo /root/.ansible/tmp/ansible-tmp-1764150529.449685-9572-74117912189927 `" ) && sleep 0'
2025-11-26 04:48:49,454 p=9552 u=root n=ansible | redirecting (type: modules) ansible.builtin.na_ontap_interface to netapp.ontap.na_ontap_interface
2025-11-26 04:48:49,455 p=9552 u=root n=ansible | Using module file /usr/local/lib/python3.9/site-packages/ansible_collections/netapp/ontap/plugins/modules/na_ontap_interface.py
2025-11-26 04:48:49,455 p=9552 u=root n=ansible | <127.0.0.1> PUT /root/.ansible/tmp/ansible-local-9552ca0i7j7x/tmp7utmi978 TO /root/.ansible/tmp/ansible-tmp-1764150529.449685-9572-74117912189927/AnsiballZ_na_ontap_interface.py
2025-11-26 04:48:49,456 p=9552 u=root n=ansible | <127.0.0.1> EXEC /bin/sh -c 'chmod u+x /root/.ansible/tmp/ansible-tmp-1764150529.449685-9572-74117912189927/ /root/.ansible/tmp/ansible-tmp-1764150529.449685-9572-74117912189927/AnsiballZ_na_ontap_interface.py && sleep 0'
2025-11-26 04:48:49,459 p=9552 u=root n=ansible | <127.0.0.1> EXEC /bin/sh -c '/usr/bin/python3 /root/.ansible/tmp/ansible-tmp-1764150529.449685-9572-74117912189927/AnsiballZ_na_ontap_interface.py && sleep 0'
2025-11-26 04:48:49,687 p=9552 u=root n=ansible | <127.0.0.1> EXEC /bin/sh -c 'rm -f -r /root/.ansible/tmp/ansible-tmp-1764150529.449685-9572-74117912189927/ > /dev/null 2>&1 && sleep 0'
2025-11-26 04:48:49,691 p=9552 u=root n=ansible | TASK [Create interface n1 cluster2] ************************************************************************************
2025-11-26 04:48:49,692 p=9552 u=root n=ansible | ok: [localhost] => {
    "changed": false,
    "invocation": {
        "module_args": {
            "address": "192.168.4.121",
            "admin_status": null,
            "broadcast_domain": null,
            "cert_filepath": null,
            "current_node": null,
            "current_port": null,
            "data_protocol": null,
            "dns_domain_name": null,
            "fail_if_subnet_conflicts": null,
            "failover_group": null,
            "failover_policy": null,
            "failover_scope": null,
            "feature_flags": null,
            "firewall_policy": null,
            "force_ontap_version": null,
            "force_subnet_association": null,
            "from_name": null,
            "home_node": "cluster2-01",
            "home_port": "e0c",
            "hostname": "192.168.4.202",
            "http_port": null,
            "https": true,
            "ignore_zapi_options": [
                "force_subnet_association"
            ],
            "interface_name": "peer-lif-cl2-n1",
            "interface_type": null,
            "ipspace": "Default",
            "is_auto_revert": null,
            "is_dns_update_enabled": null,
            "is_ipv4_link_local": null,
            "key_filepath": null,
            "listen_for_dns_query": null,
            "netmask": "255.255.255.0",
            "ontapi": null,
            "password": "VALUE_SPECIFIED_IN_NO_LOG_PARAMETER",
            "probe_port": null,
            "protocols": null,
            "role": "intercluster",
            "service_policy": null,
            "state": "present",
            "subnet_name": null,
            "use_rest": "auto",
            "username": "admin",
            "validate_certs": false,
            "vserver": "cluster2"
        }
    }
}
2025-11-26 04:48:49,699 p=9552 u=root n=ansible | redirecting (type: modules) ansible.builtin.na_ontap_interface to netapp.ontap.na_ontap_interface
2025-11-26 04:48:49,699 p=9552 u=root n=ansible | <127.0.0.1> ESTABLISH LOCAL CONNECTION FOR USER: root
2025-11-26 04:48:49,700 p=9552 u=root n=ansible | <127.0.0.1> EXEC /bin/sh -c 'echo ~root && sleep 0'
2025-11-26 04:48:49,703 p=9552 u=root n=ansible | <127.0.0.1> EXEC /bin/sh -c '( umask 77 && mkdir -p "` echo /root/.ansible/tmp `"&& mkdir "` echo /root/.ansible/tmp/ansible-tmp-1764150529.7029684-9588-271174462054963 `" && echo ansible-tmp-1764150529.7029684-9588-271174462054963="` echo /root/.ansible/tmp/ansible-tmp-1764150529.7029684-9588-271174462054963 `" ) && sleep 0'
2025-11-26 04:48:49,707 p=9552 u=root n=ansible | redirecting (type: modules) ansible.builtin.na_ontap_interface to netapp.ontap.na_ontap_interface
2025-11-26 04:48:49,708 p=9552 u=root n=ansible | Using module file /usr/local/lib/python3.9/site-packages/ansible_collections/netapp/ontap/plugins/modules/na_ontap_interface.py
2025-11-26 04:48:49,709 p=9552 u=root n=ansible | <127.0.0.1> PUT /root/.ansible/tmp/ansible-local-9552ca0i7j7x/tmp4cvt719x TO /root/.ansible/tmp/ansible-tmp-1764150529.7029684-9588-271174462054963/AnsiballZ_na_ontap_interface.py
2025-11-26 04:48:49,709 p=9552 u=root n=ansible | <127.0.0.1> EXEC /bin/sh -c 'chmod u+x /root/.ansible/tmp/ansible-tmp-1764150529.7029684-9588-271174462054963/ /root/.ansible/tmp/ansible-tmp-1764150529.7029684-9588-271174462054963/AnsiballZ_na_ontap_interface.py && sleep 0'
2025-11-26 04:48:49,713 p=9552 u=root n=ansible | <127.0.0.1> EXEC /bin/sh -c '/usr/bin/python3 /root/.ansible/tmp/ansible-tmp-1764150529.7029684-9588-271174462054963/AnsiballZ_na_ontap_interface.py && sleep 0'
2025-11-26 04:48:49,925 p=9552 u=root n=ansible | <127.0.0.1> EXEC /bin/sh -c 'rm -f -r /root/.ansible/tmp/ansible-tmp-1764150529.7029684-9588-271174462054963/ > /dev/null 2>&1 && sleep 0'
2025-11-26 04:48:49,930 p=9552 u=root n=ansible | TASK [Create interface n1 cluster3] ************************************************************************************
2025-11-26 04:48:49,931 p=9552 u=root n=ansible | ok: [localhost] => {
    "changed": false,
    "invocation": {
        "module_args": {
            "address": "192.168.4.122",
            "admin_status": null,
            "broadcast_domain": null,
            "cert_filepath": null,
            "current_node": null,
            "current_port": null,
            "data_protocol": null,
            "dns_domain_name": null,
            "fail_if_subnet_conflicts": null,
            "failover_group": null,
            "failover_policy": null,
            "failover_scope": null,
            "feature_flags": null,
            "firewall_policy": null,
            "force_ontap_version": null,
            "force_subnet_association": null,
            "from_name": null,
            "home_node": "cluster3-01",
            "home_port": "e0c",
            "hostname": "192.168.4.204",
            "http_port": null,
            "https": true,
            "ignore_zapi_options": [
                "force_subnet_association"
            ],
            "interface_name": "peer-lif-cl3-n1",
            "interface_type": null,
            "ipspace": "Default",
            "is_auto_revert": null,
            "is_dns_update_enabled": null,
            "is_ipv4_link_local": null,
            "key_filepath": null,
            "listen_for_dns_query": null,
            "netmask": "255.255.255.0",
            "ontapi": null,
            "password": "VALUE_SPECIFIED_IN_NO_LOG_PARAMETER",
            "probe_port": null,
            "protocols": null,
            "role": "intercluster",
            "service_policy": null,
            "state": "present",
            "subnet_name": null,
            "use_rest": "auto",
            "username": "admin",
            "validate_certs": false,
            "vserver": "cluster3"
        }
    }
}
2025-11-26 04:48:49,936 p=9552 u=root n=ansible | PLAY RECAP *************************************************************************************************************
2025-11-26 04:48:49,936 p=9552 u=root n=ansible | localhost                  : ok=3    changed=0    unreachable=0    failed=0    skipped=0    rescued=0    ignored=0   
2025-11-26 04:56:38,864 p=9618 u=root n=ansible | PLAY [create export policy for svm1] ***********************************************************************************
2025-11-26 04:56:39,531 p=9618 u=root n=ansible | TASK [Gathering Facts] *************************************************************************************************
2025-11-26 04:56:39,531 p=9618 u=root n=ansible | ok: [localhost]
2025-11-26 04:56:40,168 p=9618 u=root n=ansible | TASK [Create ExportPolicyRule] *****************************************************************************************
2025-11-26 04:56:40,168 p=9618 u=root n=ansible | changed: [localhost]
2025-11-26 04:56:40,179 p=9618 u=root n=ansible | PLAY RECAP *************************************************************************************************************
2025-11-26 04:56:40,179 p=9618 u=root n=ansible | localhost                  : ok=2    changed=1    unreachable=0    failed=0    skipped=0    rescued=0    ignored=0   
2025-11-26 04:57:26,159 p=9691 u=root n=ansible | PLAY [Volume Action] ***************************************************************************************************
2025-11-26 04:57:26,782 p=9691 u=root n=ansible | TASK [Gathering Facts] *************************************************************************************************
2025-11-26 04:57:26,782 p=9691 u=root n=ansible | ok: [localhost]
2025-11-26 04:57:29,179 p=9691 u=root n=ansible | TASK [Volume Create] ***************************************************************************************************
2025-11-26 04:57:29,179 p=9691 u=root n=ansible | changed: [localhost]
2025-11-26 04:57:29,189 p=9691 u=root n=ansible | PLAY RECAP *************************************************************************************************************
2025-11-26 04:57:29,190 p=9691 u=root n=ansible | localhost                  : ok=2    changed=1    unreachable=0    failed=0    skipped=0    rescued=0    ignored=0   
2025-11-26 05:00:15,686 p=9778 u=root n=ansible | PLAY [Volume Action] ***************************************************************************************************
2025-11-26 05:00:16,316 p=9778 u=root n=ansible | TASK [Gathering Facts] *************************************************************************************************
2025-11-26 05:00:16,316 p=9778 u=root n=ansible | ok: [localhost]
2025-11-26 05:00:16,670 p=9778 u=root n=ansible | TASK [Volume Create] ***************************************************************************************************
2025-11-26 05:00:16,671 p=9778 u=root n=ansible | ok: [localhost]
2025-11-26 05:00:16,681 p=9778 u=root n=ansible | PLAY RECAP *************************************************************************************************************
2025-11-26 05:00:16,681 p=9778 u=root n=ansible | localhost                  : ok=2    changed=0    unreachable=0    failed=0    skipped=0    rescued=0    ignored=0   
2025-11-26 05:07:57,833 p=9880 u=root n=ansible | PLAY [servers] *********************************************************************************************************
2025-11-26 05:07:57,922 p=9880 u=root n=ansible | TASK [Gathering Facts] *************************************************************************************************
2025-11-26 05:07:57,923 p=9880 u=root n=ansible | fatal: [192.168.4.191]: UNREACHABLE! => {"changed": false, "msg": "Failed to connect to the host via ssh: @@@@@@@@@@@@@@@@@@@@@@@@@@@@@@@@@@@@@@@@@@@@@@@@@@@@@@@@@@@\r\n@    WARNING: REMOTE HOST IDENTIFICATION HAS CHANGED!     @\r\n@@@@@@@@@@@@@@@@@@@@@@@@@@@@@@@@@@@@@@@@@@@@@@@@@@@@@@@@@@@\r\nIT IS POSSIBLE THAT SOMEONE IS DOING SOMETHING NASTY!\r\nSomeone could be eavesdropping on you right now (man-in-the-middle attack)!\r\nIt is also possible that a host key has just been changed.\r\nThe fingerprint for the ED25519 key sent by the remote host is\nSHA256:0QM3fe9b7I/PMDN680o8zjqPFUZHBuy7AHDWhjwGZAo.\r\nPlease contact your system administrator.\r\nAdd correct host key in /root/.ssh/known_hosts to get rid of this message.\r\nOffending ED25519 key in /root/.ssh/known_hosts:5\r\nHost key for 192.168.4.191 has changed and you have requested strict checking.\r\nHost key verification failed.", "unreachable": true}
2025-11-26 05:07:57,923 p=9880 u=root n=ansible | PLAY RECAP *************************************************************************************************************
2025-11-26 05:07:57,923 p=9880 u=root n=ansible | 192.168.4.191              : ok=0    changed=0    unreachable=1    failed=0    skipped=0    rescued=0    ignored=0   
2025-11-26 05:08:14,439 p=9888 u=root n=ansible | PLAY [servers] *********************************************************************************************************
2025-11-26 05:08:14,523 p=9888 u=root n=ansible | TASK [Gathering Facts] *************************************************************************************************
2025-11-26 05:08:14,523 p=9888 u=root n=ansible | fatal: [192.168.4.191]: UNREACHABLE! => {"changed": false, "msg": "Failed to connect to the host via ssh: @@@@@@@@@@@@@@@@@@@@@@@@@@@@@@@@@@@@@@@@@@@@@@@@@@@@@@@@@@@\r\n@    WARNING: REMOTE HOST IDENTIFICATION HAS CHANGED!     @\r\n@@@@@@@@@@@@@@@@@@@@@@@@@@@@@@@@@@@@@@@@@@@@@@@@@@@@@@@@@@@\r\nIT IS POSSIBLE THAT SOMEONE IS DOING SOMETHING NASTY!\r\nSomeone could be eavesdropping on you right now (man-in-the-middle attack)!\r\nIt is also possible that a host key has just been changed.\r\nThe fingerprint for the ED25519 key sent by the remote host is\nSHA256:0QM3fe9b7I/PMDN680o8zjqPFUZHBuy7AHDWhjwGZAo.\r\nPlease contact your system administrator.\r\nAdd correct host key in /root/.ssh/known_hosts to get rid of this message.\r\nOffending ED25519 key in /root/.ssh/known_hosts:5\r\nHost key for 192.168.4.191 has changed and you have requested strict checking.\r\nHost key verification failed.", "unreachable": true}
2025-11-26 05:08:14,524 p=9888 u=root n=ansible | PLAY RECAP *************************************************************************************************************
2025-11-26 05:08:14,524 p=9888 u=root n=ansible | 192.168.4.191              : ok=0    changed=0    unreachable=1    failed=0    skipped=0    rescued=0    ignored=0   
2025-11-26 05:08:32,670 p=9897 u=root n=ansible | PLAY [servers] *********************************************************************************************************
2025-11-26 05:08:32,752 p=9897 u=root n=ansible | TASK [Gathering Facts] *************************************************************************************************
2025-11-26 05:08:32,752 p=9897 u=root n=ansible | fatal: [192.168.4.191]: UNREACHABLE! => {"changed": false, "msg": "Failed to connect to the host via ssh: @@@@@@@@@@@@@@@@@@@@@@@@@@@@@@@@@@@@@@@@@@@@@@@@@@@@@@@@@@@\r\n@    WARNING: REMOTE HOST IDENTIFICATION HAS CHANGED!     @\r\n@@@@@@@@@@@@@@@@@@@@@@@@@@@@@@@@@@@@@@@@@@@@@@@@@@@@@@@@@@@\r\nIT IS POSSIBLE THAT SOMEONE IS DOING SOMETHING NASTY!\r\nSomeone could be eavesdropping on you right now (man-in-the-middle attack)!\r\nIt is also possible that a host key has just been changed.\r\nThe fingerprint for the ED25519 key sent by the remote host is\nSHA256:0QM3fe9b7I/PMDN680o8zjqPFUZHBuy7AHDWhjwGZAo.\r\nPlease contact your system administrator.\r\nAdd correct host key in /root/.ssh/known_hosts to get rid of this message.\r\nOffending ED25519 key in /root/.ssh/known_hosts:5\r\nHost key for 192.168.4.191 has changed and you have requested strict checking.\r\nHost key verification failed.", "unreachable": true}
2025-11-26 05:08:32,753 p=9897 u=root n=ansible | PLAY RECAP *************************************************************************************************************
2025-11-26 05:08:32,753 p=9897 u=root n=ansible | 192.168.4.191              : ok=0    changed=0    unreachable=1    failed=0    skipped=0    rescued=0    ignored=0   
2025-11-26 05:08:44,400 p=9906 u=root n=ansible | PLAY [servers] *********************************************************************************************************
2025-11-26 05:08:47,599 p=9906 u=root n=ansible | TASK [Gathering Facts] *************************************************************************************************
2025-11-26 05:08:47,599 p=9906 u=root n=ansible | ok: [192.168.4.191]
2025-11-26 05:08:47,980 p=9906 u=root n=ansible | TASK [Creates directory] ***********************************************************************************************
2025-11-26 05:08:47,980 p=9906 u=root n=ansible | changed: [192.168.4.191]
2025-11-26 05:08:48,442 p=9906 u=root n=ansible | TASK [mount] ***********************************************************************************************************
2025-11-26 05:08:48,442 p=9906 u=root n=ansible | fatal: [192.168.4.191]: FAILED! => {"changed": false, "msg": "Error mounting /mnt/ansibleVol: mount: /mnt/ansibleVol: bad option; for several filesystems (e.g. nfs, cifs) you might need a /sbin/mount.<type> helper program.\n"}
2025-11-26 05:08:48,442 p=9906 u=root n=ansible | PLAY RECAP *************************************************************************************************************
2025-11-26 05:08:48,442 p=9906 u=root n=ansible | 192.168.4.191              : ok=2    changed=1    unreachable=0    failed=1    skipped=0    rescued=0    ignored=0   
2025-11-26 05:09:56,231 p=9948 u=root n=ansible | PLAY [servers] *********************************************************************************************************
2025-11-26 05:09:57,478 p=9948 u=root n=ansible | TASK [Gathering Facts] *************************************************************************************************
2025-11-26 05:09:57,478 p=9948 u=root n=ansible | ok: [192.168.4.191]
2025-11-26 05:09:57,850 p=9948 u=root n=ansible | TASK [Creates directory] ***********************************************************************************************
2025-11-26 05:09:57,850 p=9948 u=root n=ansible | ok: [192.168.4.191]
2025-11-26 05:09:58,767 p=9948 u=root n=ansible | TASK [mount] ***********************************************************************************************************
2025-11-26 05:09:58,767 p=9948 u=root n=ansible | changed: [192.168.4.191]
2025-11-26 05:09:58,779 p=9948 u=root n=ansible | PLAY RECAP *************************************************************************************************************
2025-11-26 05:09:58,779 p=9948 u=root n=ansible | 192.168.4.191              : ok=3    changed=1    unreachable=0    failed=0    skipped=0    rescued=0    ignored=0   
2025-11-26 05:12:04,782 p=9986 u=root n=ansible | PLAY [servers] *********************************************************************************************************
2025-11-26 05:12:05,994 p=9986 u=root n=ansible | TASK [Gathering Facts] *************************************************************************************************
2025-11-26 05:12:05,995 p=9986 u=root n=ansible | ok: [192.168.4.191]
2025-11-26 05:12:06,378 p=9986 u=root n=ansible | TASK [Creates directory] ***********************************************************************************************
2025-11-26 05:12:06,378 p=9986 u=root n=ansible | ok: [192.168.4.191]
2025-11-26 05:12:06,746 p=9986 u=root n=ansible | TASK [mount] ***********************************************************************************************************
2025-11-26 05:12:06,746 p=9986 u=root n=ansible | ok: [192.168.4.191]
2025-11-26 05:12:06,757 p=9986 u=root n=ansible | PLAY RECAP *************************************************************************************************************
2025-11-26 05:12:06,758 p=9986 u=root n=ansible | 192.168.4.191              : ok=3    changed=0    unreachable=0    failed=0    skipped=0    rescued=0    ignored=0   
2025-11-26 05:13:12,976 p=10035 u=root n=ansible | PLAY [servers] *********************************************************************************************************
2025-11-26 05:13:14,170 p=10035 u=root n=ansible | TASK [Gathering Facts] *************************************************************************************************
2025-11-26 05:13:14,170 p=10035 u=root n=ansible | ok: [192.168.4.191]
2025-11-26 05:13:14,557 p=10035 u=root n=ansible | TASK [mount] ***********************************************************************************************************
2025-11-26 05:13:14,557 p=10035 u=root n=ansible | changed: [192.168.4.191]
2025-11-26 05:13:14,569 p=10035 u=root n=ansible | PLAY [localhost] *******************************************************************************************************
2025-11-26 05:13:15,079 p=10035 u=root n=ansible | TASK [Gathering Facts] *************************************************************************************************
2025-11-26 05:13:15,079 p=10035 u=root n=ansible | ok: [localhost]
2025-11-26 05:13:15,420 p=10035 u=root n=ansible | TASK [Volume Delete] ***************************************************************************************************
2025-11-26 05:13:15,420 p=10035 u=root n=ansible | An exception occurred during task execution. To see the full traceback, use -vvv. The error was: netapp_lib.api.zapi.zapi.NaApiError: NetApp API failed. Reason - 404:Not Found
2025-11-26 05:13:15,421 p=10035 u=root n=ansible | [WARNING]: With version 22.0.0 ONTAPI (ZAPI) has been deprecated. The final ONTAP version to support ZAPI is ONTAP
9.13.1.  ZAPI calls in these modules will continue to work for ONTAP versions that supports ZAPI.  You can update your
playbook to use REST by adding use_rest: always to your playbook.  More information can be found at:
https://github.com/ansible-collections/netapp.ontap

2025-11-26 05:13:15,421 p=10035 u=root n=ansible | fatal: [localhost]: FAILED! => {"changed": false, "msg": "Error fetching volume ansibleVol : NetApp API failed. Reason - 404:Not Found"}
2025-11-26 05:13:15,421 p=10035 u=root n=ansible | PLAY RECAP *************************************************************************************************************
2025-11-26 05:13:15,421 p=10035 u=root n=ansible | 192.168.4.191              : ok=2    changed=1    unreachable=0    failed=0    skipped=0    rescued=0    ignored=0   
2025-11-26 05:13:15,421 p=10035 u=root n=ansible | localhost                  : ok=1    changed=0    unreachable=0    failed=1    skipped=0    rescued=0    ignored=0   
2025-11-26 05:14:40,207 p=10131 u=root n=ansible | PLAY [servers] *********************************************************************************************************
2025-11-26 05:14:41,431 p=10131 u=root n=ansible | TASK [Gathering Facts] *************************************************************************************************
2025-11-26 05:14:41,431 p=10131 u=root n=ansible | ok: [192.168.4.191]
2025-11-26 05:14:41,795 p=10131 u=root n=ansible | TASK [mount] ***********************************************************************************************************
2025-11-26 05:14:41,795 p=10131 u=root n=ansible | ok: [192.168.4.191]
2025-11-26 05:14:41,806 p=10131 u=root n=ansible | PLAY [localhost] *******************************************************************************************************
2025-11-26 05:14:42,304 p=10131 u=root n=ansible | TASK [Gathering Facts] *************************************************************************************************
2025-11-26 05:14:42,304 p=10131 u=root n=ansible | ok: [localhost]
2025-11-26 05:14:42,627 p=10131 u=root n=ansible | TASK [Volume Delete] ***************************************************************************************************
2025-11-26 05:14:42,627 p=10131 u=root n=ansible | An exception occurred during task execution. To see the full traceback, use -vvv. The error was: netapp_lib.api.zapi.zapi.NaApiError: NetApp API failed. Reason - 404:Not Found
2025-11-26 05:14:42,628 p=10131 u=root n=ansible | [WARNING]: With version 22.0.0 ONTAPI (ZAPI) has been deprecated. The final ONTAP version to support ZAPI is ONTAP
9.13.1.  ZAPI calls in these modules will continue to work for ONTAP versions that supports ZAPI.  You can update your
playbook to use REST by adding use_rest: always to your playbook.  More information can be found at:
https://github.com/ansible-collections/netapp.ontap

2025-11-26 05:14:42,628 p=10131 u=root n=ansible | fatal: [localhost]: FAILED! => {"changed": false, "msg": "Error fetching volume ansibleVol : NetApp API failed. Reason - 404:Not Found"}
2025-11-26 05:14:42,628 p=10131 u=root n=ansible | PLAY RECAP *************************************************************************************************************
2025-11-26 05:14:42,628 p=10131 u=root n=ansible | 192.168.4.191              : ok=2    changed=0    unreachable=0    failed=0    skipped=0    rescued=0    ignored=0   
2025-11-26 05:14:42,628 p=10131 u=root n=ansible | localhost                  : ok=1    changed=0    unreachable=0    failed=1    skipped=0    rescued=0    ignored=0   
2025-11-26 05:16:07,994 p=10228 u=root n=ansible | PLAY [servers] *********************************************************************************************************
2025-11-26 05:16:09,238 p=10228 u=root n=ansible | TASK [Gathering Facts] *************************************************************************************************
2025-11-26 05:16:09,238 p=10228 u=root n=ansible | ok: [192.168.4.191]
2025-11-26 05:16:09,610 p=10228 u=root n=ansible | TASK [mount] ***********************************************************************************************************
2025-11-26 05:16:09,610 p=10228 u=root n=ansible | ok: [192.168.4.191]
2025-11-26 05:16:09,622 p=10228 u=root n=ansible | PLAY [localhost] *******************************************************************************************************
2025-11-26 05:16:10,130 p=10228 u=root n=ansible | TASK [Gathering Facts] *************************************************************************************************
2025-11-26 05:16:10,130 p=10228 u=root n=ansible | ok: [localhost]
2025-11-26 05:16:10,472 p=10228 u=root n=ansible | TASK [Volume Delete] ***************************************************************************************************
2025-11-26 05:16:10,472 p=10228 u=root n=ansible | fatal: [localhost]: FAILED! => {"changed": false, "msg": "calling: storage/volumes: got 404 Client Error: Not Found for url: https://192.168.4.101/api/storage/volumes?name=ansibleVol&svm.name=svm1&fields=encryption.enabled%2Ctiering.policy%2Cnas.export_policy.name%2Caggregates.name%2Caggregates.uuid%2Cuuid%2Cnas.path%2Cstyle%2Ctype%2Ccomment%2Cqos.policy.name%2Cnas.security_style%2Cnas.gid%2Cnas.unix_permissions%2Cnas.uid%2Csnapshot_policy%2Cspace.snapshot.reserve_percent%2Cspace.size%2Cguarantee.type%2Cstate%2Cefficiency.compression%2Csnaplock%2Cfiles.maximum%2Cspace.logical_space.enforcement%2Cspace.logical_space.reporting%2C."}
2025-11-26 05:16:10,472 p=10228 u=root n=ansible | PLAY RECAP *************************************************************************************************************
2025-11-26 05:16:10,473 p=10228 u=root n=ansible | 192.168.4.191              : ok=2    changed=0    unreachable=0    failed=0    skipped=0    rescued=0    ignored=0   
2025-11-26 05:16:10,473 p=10228 u=root n=ansible | localhost                  : ok=1    changed=0    unreachable=0    failed=1    skipped=0    rescued=0    ignored=0   
2025-11-26 05:16:49,884 p=10324 u=root n=ansible | PLAY [servers] *********************************************************************************************************
2025-11-26 05:16:50,939 p=10324 u=root n=ansible | TASK [Gathering Facts] *************************************************************************************************
2025-11-26 05:16:50,940 p=10324 u=root n=ansible | ok: [192.168.4.191]
2025-11-26 05:16:51,313 p=10324 u=root n=ansible | TASK [mount] ***********************************************************************************************************
2025-11-26 05:16:51,313 p=10324 u=root n=ansible | ok: [192.168.4.191]
2025-11-26 05:16:51,325 p=10324 u=root n=ansible | PLAY [localhost] *******************************************************************************************************
2025-11-26 05:16:51,829 p=10324 u=root n=ansible | TASK [Gathering Facts] *************************************************************************************************
2025-11-26 05:16:51,829 p=10324 u=root n=ansible | ok: [localhost]
2025-11-26 05:17:02,487 p=10324 u=root n=ansible | TASK [Volume Delete] ***************************************************************************************************
2025-11-26 05:17:02,487 p=10324 u=root n=ansible | changed: [localhost]
2025-11-26 05:17:02,498 p=10324 u=root n=ansible | PLAY RECAP *************************************************************************************************************
2025-11-26 05:17:02,498 p=10324 u=root n=ansible | 192.168.4.191              : ok=2    changed=0    unreachable=0    failed=0    skipped=0    rescued=0    ignored=0   
2025-11-26 05:17:02,498 p=10324 u=root n=ansible | localhost                  : ok=2    changed=1    unreachable=0    failed=0    skipped=0    rescued=0    ignored=0   
2025-11-26 05:17:51,453 p=10418 u=root n=ansible | PLAY [Volume Action] ***************************************************************************************************
2025-11-26 05:17:52,087 p=10418 u=root n=ansible | TASK [Gathering Facts] *************************************************************************************************
2025-11-26 05:17:52,087 p=10418 u=root n=ansible | ok: [localhost]
2025-11-26 05:20:35,839 p=10418 u=root n=ansible |  [ERROR]: User interrupted execution

2025-11-26 06:37:36,743 p=10629 u=root n=ansible | PLAY [Volume Action] **************************************************************************************************************
2025-11-26 06:37:37,365 p=10629 u=root n=ansible | TASK [Gathering Facts] ************************************************************************************************************
2025-11-26 06:37:37,365 p=10629 u=root n=ansible | ok: [localhost]
2025-11-26 06:37:39,829 p=10629 u=root n=ansible | TASK [Volume Create] **************************************************************************************************************
2025-11-26 06:37:39,829 p=10629 u=root n=ansible | changed: [localhost]
2025-11-26 06:37:39,840 p=10629 u=root n=ansible | PLAY [nginx] **********************************************************************************************************************
2025-11-26 06:37:41,030 p=10629 u=root n=ansible | TASK [Gathering Facts] ************************************************************************************************************
2025-11-26 06:37:41,030 p=10629 u=root n=ansible | ok: [rocky-91]
2025-11-26 06:37:42,910 p=10629 u=root n=ansible | fatal: [192.168.4.62]: UNREACHABLE! => {"changed": false, "msg": "Failed to connect to the host via ssh: ssh: connect to host 192.168.4.62 port 22: No route to host", "unreachable": true}
2025-11-26 06:37:50,826 p=10629 u=root n=ansible | fatal: [192.168.4.61]: UNREACHABLE! => {"changed": false, "msg": "Failed to connect to the host via ssh: Host key verification failed.", "unreachable": true}
2025-11-26 06:37:52,209 p=10629 u=root n=ansible | TASK [Add epel-release repo and install nginx] ************************************************************************************
2025-11-26 06:37:52,209 p=10629 u=root n=ansible | changed: [rocky-91]
2025-11-26 06:37:52,806 p=10629 u=root n=ansible | TASK [mount] **********************************************************************************************************************
2025-11-26 06:37:52,807 p=10629 u=root n=ansible | changed: [rocky-91]
2025-11-26 06:37:53,561 p=10629 u=root n=ansible | TASK [Insert HTML Workshop Index Page] ********************************************************************************************
2025-11-26 06:37:53,561 p=10629 u=root n=ansible | changed: [rocky-91]
2025-11-26 06:37:54,147 p=10629 u=root n=ansible | TASK [Update NGiNGX Config to use port 8080] **************************************************************************************
2025-11-26 06:37:54,147 p=10629 u=root n=ansible | changed: [rocky-91]
2025-11-26 06:37:54,716 p=10629 u=root n=ansible | TASK [Start NGiNX] ****************************************************************************************************************
2025-11-26 06:37:54,716 p=10629 u=root n=ansible | changed: [rocky-91]
2025-11-26 06:37:54,728 p=10629 u=root n=ansible | PLAY RECAP ************************************************************************************************************************
2025-11-26 06:37:54,728 p=10629 u=root n=ansible | 192.168.4.61               : ok=0    changed=0    unreachable=1    failed=0    skipped=0    rescued=0    ignored=0   
2025-11-26 06:37:54,728 p=10629 u=root n=ansible | 192.168.4.62               : ok=0    changed=0    unreachable=1    failed=0    skipped=0    rescued=0    ignored=0   
2025-11-26 06:37:54,728 p=10629 u=root n=ansible | localhost                  : ok=2    changed=1    unreachable=0    failed=0    skipped=0    rescued=0    ignored=0   
2025-11-26 06:37:54,728 p=10629 u=root n=ansible | rocky-91                   : ok=6    changed=5    unreachable=0    failed=0    skipped=0    rescued=0    ignored=0   
2025-11-26 06:37:57,276 p=10783 u=root n=ansible | PLAY [Volume Action] **************************************************************************************************************
2025-11-26 06:37:57,900 p=10783 u=root n=ansible | TASK [Gathering Facts] ************************************************************************************************************
2025-11-26 06:37:57,900 p=10783 u=root n=ansible | ok: [localhost]
2025-11-26 06:37:58,253 p=10783 u=root n=ansible | TASK [Volume Create] **************************************************************************************************************
2025-11-26 06:37:58,253 p=10783 u=root n=ansible | ok: [localhost]
2025-11-26 06:37:58,265 p=10783 u=root n=ansible | PLAY [nginx] **********************************************************************************************************************
2025-11-26 06:37:59,204 p=10783 u=root n=ansible | TASK [Gathering Facts] ************************************************************************************************************
2025-11-26 06:37:59,204 p=10783 u=root n=ansible | ok: [rocky-91]
2025-11-26 06:38:01,342 p=10783 u=root n=ansible | fatal: [192.168.4.62]: UNREACHABLE! => {"changed": false, "msg": "Failed to connect to the host via ssh: ssh: connect to host 192.168.4.62 port 22: No route to host", "unreachable": true}
2025-11-26 06:38:07,517 p=10783 u=root n=ansible |  [ERROR]: User interrupted execution

2025-11-26 06:38:29,455 p=10872 u=root n=ansible | PLAY [Volume Action] **************************************************************************************************************
2025-11-26 06:38:30,093 p=10872 u=root n=ansible | TASK [Gathering Facts] ************************************************************************************************************
2025-11-26 06:38:30,093 p=10872 u=root n=ansible | ok: [localhost]
2025-11-26 06:38:30,457 p=10872 u=root n=ansible | TASK [Volume Create] **************************************************************************************************************
2025-11-26 06:38:30,458 p=10872 u=root n=ansible | ok: [localhost]
2025-11-26 06:38:30,469 p=10872 u=root n=ansible | PLAY [nginx] **********************************************************************************************************************
2025-11-26 06:38:31,398 p=10872 u=root n=ansible | TASK [Gathering Facts] ************************************************************************************************************
2025-11-26 06:38:31,398 p=10872 u=root n=ansible | ok: [rocky-91]
2025-11-26 06:38:33,598 p=10872 u=root n=ansible | fatal: [192.168.4.62]: UNREACHABLE! => {"changed": false, "msg": "Failed to connect to the host via ssh: ssh: connect to host 192.168.4.62 port 22: No route to host", "unreachable": true}
2025-11-26 06:38:35,480 p=10872 u=root n=ansible |  [ERROR]: User interrupted execution

2025-11-26 06:39:54,129 p=10962 u=root n=ansible | PLAY [Volume Action] **************************************************************************************************************
2025-11-26 06:39:54,748 p=10962 u=root n=ansible | TASK [Gathering Facts] ************************************************************************************************************
2025-11-26 06:39:54,749 p=10962 u=root n=ansible | ok: [localhost]
2025-11-26 06:39:55,102 p=10962 u=root n=ansible | TASK [Volume Create] **************************************************************************************************************
2025-11-26 06:39:55,102 p=10962 u=root n=ansible | ok: [localhost]
2025-11-26 06:39:55,113 p=10962 u=root n=ansible | [WARNING]: Could not match supplied host pattern, ignoring: rocky

2025-11-26 06:39:55,113 p=10962 u=root n=ansible | PLAY [rocky] **********************************************************************************************************************
2025-11-26 06:39:55,113 p=10962 u=root n=ansible | skipping: no hosts matched
2025-11-26 06:39:55,114 p=10962 u=root n=ansible | PLAY RECAP ************************************************************************************************************************
2025-11-26 06:39:55,114 p=10962 u=root n=ansible | localhost                  : ok=2    changed=0    unreachable=0    failed=0    skipped=0    rescued=0    ignored=0   
2025-11-26 06:41:00,301 p=11035 u=root n=ansible | PLAY [Volume Action] **************************************************************************************************************
2025-11-26 06:41:00,934 p=11035 u=root n=ansible | TASK [Gathering Facts] ************************************************************************************************************
2025-11-26 06:41:00,934 p=11035 u=root n=ansible | ok: [localhost]
2025-11-26 06:41:01,291 p=11035 u=root n=ansible | TASK [Volume Create] **************************************************************************************************************
2025-11-26 06:41:01,291 p=11035 u=root n=ansible | ok: [localhost]
2025-11-26 06:41:01,303 p=11035 u=root n=ansible | PLAY [servers] ********************************************************************************************************************
2025-11-26 06:41:02,411 p=11035 u=root n=ansible | TASK [Gathering Facts] ************************************************************************************************************
2025-11-26 06:41:02,411 p=11035 u=root n=ansible | ok: [192.168.4.191]
2025-11-26 06:41:12,314 p=11035 u=root n=ansible | TASK [Add epel-release repo and install nginx] ************************************************************************************
2025-11-26 06:41:12,314 p=11035 u=root n=ansible | changed: [192.168.4.191]
2025-11-26 06:41:12,699 p=11035 u=root n=ansible | TASK [mount] **********************************************************************************************************************
2025-11-26 06:41:12,699 p=11035 u=root n=ansible | ok: [192.168.4.191]
2025-11-26 06:41:13,383 p=11035 u=root n=ansible | TASK [Insert HTML Workshop Index Page] ********************************************************************************************
2025-11-26 06:41:13,383 p=11035 u=root n=ansible | ok: [192.168.4.191]
2025-11-26 06:41:13,897 p=11035 u=root n=ansible | TASK [Update NGiNGX Config to use port 8080] **************************************************************************************
2025-11-26 06:41:13,897 p=11035 u=root n=ansible | ok: [192.168.4.191]
2025-11-26 06:41:14,433 p=11035 u=root n=ansible | TASK [Start NGiNX] ****************************************************************************************************************
2025-11-26 06:41:14,434 p=11035 u=root n=ansible | ok: [192.168.4.191]
2025-11-26 06:41:14,444 p=11035 u=root n=ansible | PLAY RECAP ************************************************************************************************************************
2025-11-26 06:41:14,445 p=11035 u=root n=ansible | 192.168.4.191              : ok=6    changed=1    unreachable=0    failed=0    skipped=0    rescued=0    ignored=0   
2025-11-26 06:41:14,445 p=11035 u=root n=ansible | localhost                  : ok=2    changed=0    unreachable=0    failed=0    skipped=0    rescued=0    ignored=0   
2025-11-26 10:17:49,242 p=46936 u=root n=ansible INFO| PLAY [NetApp Cluster1 System Setup] ********************************************
2025-11-26 10:17:49,738 p=46936 u=root n=ansible INFO| TASK [Create and Online New Data Aggregate Node1] ******************************
2025-11-26 10:17:49,738 p=46936 u=root n=ansible INFO| ok: [localhost] => (item={'name': 'aggr1_cluster3_01_data', 'node': 'cluster3-01', 'diskcount': 13})
2025-11-26 10:17:50,205 p=46936 u=root n=ansible INFO| TASK [Create Vserver] **********************************************************
2025-11-26 10:17:50,206 p=46936 u=root n=ansible INFO| ok: [localhost] => (item={'name': 'svm1', 'rootvol': 'svm1_root', 'rootaggr': 'aggr1_cluster3_01_data', 'aggr_list': 'aggr1_cluster3_01_data', 'allowed_protocols': 'nfs', 'dns_servers': '192.168.4.169', 'domain': 'demo.netapp.com'})
2025-11-26 10:17:50,629 p=46936 u=root n=ansible INFO| TASK [Create NFS LIF Node1] ****************************************************
2025-11-26 10:17:50,629 p=46936 u=root n=ansible INFO| ok: [localhost] => (item={'name': 'nfs_lif01', 'ip_addr': '192.168.4.134', 'netmask': '255.255.255.0', 'node': 'cluster3-01', 'vserver': 'svm1', 'home': 'e0c'})
2025-11-26 10:17:51,024 p=46936 u=root n=ansible INFO| TASK [Start NFS] ***************************************************************
2025-11-26 10:17:51,024 p=46936 u=root n=ansible INFO| ok: [localhost] => (item={'name': 'svm1', 'rootvol': 'svm1_root', 'rootaggr': 'aggr1_cluster3_01_data', 'aggr_list': 'aggr1_cluster3_01_data', 'allowed_protocols': 'nfs', 'dns_servers': '192.168.4.169', 'domain': 'demo.netapp.com'})
2025-11-26 10:17:51,441 p=46936 u=root n=ansible INFO| TASK [Add NFS Export Rule Under Default Policy] ********************************
2025-11-26 10:17:51,441 p=46936 u=root n=ansible INFO| ok: [localhost] => (item={'name': 'svm1', 'rootvol': 'svm1_root', 'rootaggr': 'aggr1_cluster3_01_data', 'aggr_list': 'aggr1_cluster3_01_data', 'allowed_protocols': 'nfs', 'dns_servers': '192.168.4.169', 'domain': 'demo.netapp.com'})
2025-11-26 10:17:51,835 p=46936 u=root n=ansible INFO| TASK [Add DNS Settings to svm] *************************************************
2025-11-26 10:17:51,835 p=46936 u=root n=ansible INFO| ok: [localhost] => (item={'name': 'svm1', 'rootvol': 'svm1_root', 'rootaggr': 'aggr1_cluster3_01_data', 'aggr_list': 'aggr1_cluster3_01_data', 'allowed_protocols': 'nfs', 'dns_servers': '192.168.4.169', 'domain': 'demo.netapp.com'})
2025-11-26 10:17:52,295 p=46936 u=root n=ansible INFO| TASK [Create Volumes] **********************************************************
2025-11-26 10:17:52,296 p=46936 u=root n=ansible INFO| ok: [localhost] => (item={'name': 'vol1', 'size': 1, 'aggr': 'aggr1_cluster3_01_data', 'vserver': 'svm1', 'security_style': 'unix'})
2025-11-26 10:17:52,607 p=46936 u=root n=ansible INFO| ok: [localhost] => (item={'name': 'vol2', 'size': 2, 'aggr': 'aggr1_cluster3_01_data', 'vserver': 'svm1', 'security_style': 'unix'})
2025-11-26 10:17:52,927 p=46936 u=root n=ansible INFO| ok: [localhost] => (item={'name': 'vol3', 'size': 3, 'aggr': 'aggr1_cluster3_01_data', 'vserver': 'svm1', 'security_style': 'unix'})
2025-11-26 10:17:52,929 p=46936 u=root n=ansible INFO| PLAY RECAP *********************************************************************
2025-11-26 10:17:52,929 p=46936 u=root n=ansible INFO| localhost                  : ok=7    changed=0    unreachable=0    failed=0    skipped=0    rescued=0    ignored=0   
